"10 3rd St N, Jacksonville Beach, FL 32250, USA"
"100 Woodcliff Ave, North Bergen, NJ 07047, USA"
"11232 120th Ave NE #202, Kirkland, WA 98033, USA"
"1128 E Gun Hill Rd, Bronx, NY 10469, USA"
"11900 Atlantic Blvd, Jacksonville, FL 32225, USA"
"11909 NE 8th St, Bellevue, WA 98005, USA"
"1195 NW Tahoe Ln, Silverdale, WA 98383, USA"
"1211 Mayport Rd, Atlantic Beach, FL 32233, USA"
"124 W Mt Pleasant Ave, Livingston, NJ 07039, USA"
"1249 Coney Island Ave, Brooklyn, NY 11230, USA"
"12701 Mukilteo Speedway, Lynnwood, WA 98087, USA"
"12796 San Jose Blvd, Jacksonville, FL 32223, USA"
"130-11 N Conduit Ave, Jamaica, NY 11420, USA"
"13341 Poway Rd, Poway, CA 92064, USA"
"13701 100th Ave NE, Kirkland, WA 98034, USA"
"14070 Beach Blvd, Jacksonville, FL 32250, USA"
"1440 Puyallup Ave, Tacoma, WA 98421, USA"
"145 NE Gilman Blvd, Issaquah, WA 98027, USA"
"1495 E H St, Chula Vista, CA 91910, USA"
"1497 Piper Ranch Rd, San Diego, CA 92154, USA"
"1501 I-5 Exit 136, Tacoma, WA 98443, USA"
"1525 Myrtle Ave, Brooklyn, NY 11237, USA"
"1599 La Media Rd, San Diego, CA 92154, USA"
"1625 County Rd 210, Jacksonville, FL 32259, USA"
"16256 NE 8th St, Bellevue, WA 98008, USA"
"1640 Flatbush Ave, Brooklyn, NY 11210, USA"
"1832 W Washington St, San Diego, CA 92103, USA"
"1920 S Lake Stevens Rd, Lake Stevens, WA 98258, USA"
"1950 US-1, Rahway, NJ 07065, USA"
"19721 US-2, Monroe, WA 98272, USA"
"201 US-17, Orange Park, FL 32073, USA"
"20702 Bothell Everett Hwy, Bothell, WA 98012, USA"
"20727 108th Ave SE, Kent, WA 98031, USA"
"210 W Main St, Auburn, WA 98001, USA"
"220 Northern Blvd, Great Neck, NY 11021, USA"
"2424 NE 65th St, Seattle, WA 98115, USA"
"2501 NE 75th St, Seattle, WA 98115, USA"
"256 McGuinness Blvd, Brooklyn, NY 11222, USA"
"281 Bruckner Blvd, Bronx, NY 10454, USA"
"2936 228th Ave SE, Sammamish, WA 98075, USA"
"3060 Carmel Valley Rd, San Diego, CA 92130, USA"
"3233 La Jolla Village Dr, La Jolla, CA 92037, USA"
"3804 Ingraham St, San Diego, CA 92109, USA"
"3861 Valley Centre Dr, San Diego, CA 92130, USA"
"3901 Governor Dr, San Diego, CA 92122, USA"
"4040 Philips Hwy, Jacksonville, FL 32207, USA"
"410 N Broadway, Sleepy Hollow, NY 10591, USA"
"4125 Hempstead Turnpike, Bethpage, NY 11714, USA"
"4605 Fremont Ave N, Seattle, WA 98103, USA"
"466 10th Ave, New York, NY 10018, USA"
"466 Rockaway Turnpike, Cedarhurst, NY 11516, USA"
"469 W Felicita Ave, Escondido, CA 92025, USA"
"4794 Voltaire St, San Diego, CA 92107, USA"
"50 Daniel St, Farmingdale, NY 11735, USA"
"501 W St Georges Ave, Linden, NJ 07036, USA"
"5040 148th Ave NE, Redmond, WA 98052, USA"
"5207 Lake Washington Blvd NE, Kirkland, WA 98033, USA"
"5465 Mission Center Rd, San Diego, CA 92108, USA"
"560 Blanding Blvd, Orange Park, FL 32073, USA"
"59-36 Maurice Ave, Maspeth, NY 11378, USA"
"5912 N Waterfront Dr, Tacoma, WA 98407, USA"
"6301 Del Cerro Blvd, San Diego, CA 92120, USA"
"632 Beach Blvd, Jacksonville Beach, FL 32250, USA"
"643 Stockton St, Jacksonville, FL 32204, USA"
"65-10 Queens Blvd, Woodside, NY 11377, USA"
"6511 Ramona Blvd, Jacksonville, FL 32205, USA"
"6573 Commonwealth Ave, Jacksonville, FL 32254, USA"
"66 Bloomfield Ave, Newark, NJ 07102, USA"
"6899 Friars Rd, San Diego, CA 92108, USA"
"691 E 149th St, Bronx, NY 10455, USA"
"701 US-1, Edison, NJ 08817, USA"
"718 11th Ave, New York, NY 10019, USA"
"7211 Merrill Rd, Jacksonville, FL 32277, USA"
"7220 Normandy Blvd, Jacksonville, FL 32205, USA"
"7698 Friars Rd, San Diego, CA 92108, USA"
"8046 Philips Hwy, Jacksonville, FL 32256, USA"
"9111 4th Ave, Brooklyn, NY 11209, USA"
"914 James St, Seattle, WA 98104, USA"
"921 University Blvd N, Jacksonville, FL 32211, USA"
"9487 Regency Square Blvd, Jacksonville, FL 32225, USA"
"9715 Atlantic Blvd, Jacksonville, FL 32225, USA"
"9840 Miramar Rd, San Diego, CA 92126, USA"
"Bulevar Alberto Limón Padilla, Vista Alamar, 22450 Tijuana, B.C., Mexico"
"Fraccionamiento Urbivillas del Prado, Baja California, Mexico"
"S, 1050 US-301, Baldwin, FL 32234, USA"
"Villas de Rosarito, 22710 Rosarito, B.C., Mexico"
