-94.192585,36.172646,Sam's Club; ,"1517 S 56th St; I-49 Exit 72,Springdale,AR,72762,"
-90.450757,41.470078,"Sam's Club; #4061,  Gas,","6600 44th Ave,Moline,IL,61254,(309) 581-7128,"
-93.707292,32.562956,"Sam's Club; #4109,  Gas,","2861 Beene Blvd; I-220 Exit 12,Bossier City,LA,71111,(318) 606-6004,"
-95.156245,29.550446,"Sam's Club; #4702,  Gas,","155 W El Dorado Blvd,Friendswood,TX,77546,(281) 286-4471,"
-106.657319,35.209675,"Sam's Club; #4703,  Gas,","10600 Coors Byp NW,Albuquerque,NM,87114,(505) 922-0046,"
-119.79329,36.848681,"Sam's Club; #4704, ","7663 N Blackstone Ave,Fresno,CA,93720,(559) 446-0106,"
-94.683329,38.885589,"Sam's Club; #4707,  Gas,","8300 W 135th St,Overland Park,KS,66223,(913) 402-1405,"
-117.537725,33.846891,"Sam's Club; #4709,  Gas,","1375 E Ontario Ave; I-15 Exit 93,Corona,CA,92882,(951) 582-0319,"
-76.41665,36.830653,"Sam's Club; #4710,  Gas,","2444 Chesapeake Square Ring Rd; I-664 Exit 11,Chesepeake,VA,23321,(757) 465-0082,"
-76.089582,36.840489,"Sam's Club; #4711,  Gas,","3345 Virginia Beach Blvd; I-264 Exit 18,Virginia Beach,VA,23452,(757) 631-9791,"
-95.561492,29.786498,"Sam's Club; #4712,  Gas,","10488 Old Katy Rd; I-10 Exit 756,Houston,TX,77043,(713) 648-5146,"
-95.450597,30.18797,"Sam's Club; #4713,  Gas,","19091 Interstate 45 S; I-45 Exit 76,Conroe,TX,77385,(936) 271-1732,"
-111.900324,40.547858,"Sam's Club; #4718,  Gas/Diesel,","11278 S Jordan Gtwy; I-15 Exiit 293,South Jordan,UT,84095,(801) 545-9801,"
-97.819952,30.235097,"Sam's Club; #4720, ","4970 Hwy 290 W,Austin,TX,78735,(512) 358-8695,"
-95.547499,29.962656,"Sam's Club; #4721, ","7950 Fm 1960,Houston,TX,77070,(832) 237-8269,"
-75.021101,39.720002,"Sam's Club; #4722, ","2080 N Black HorSE Pike,Williamstown,NJ,08094,(856) 857-7836,"
-86.808073,33.373856,"Sam's Club; #4724,  Gas,","3053 John Hawkins Pkwy; I-459 Exit 10,Hoover,AL,35244,(205) 982-0596,"
-84.549467,37.939606,"Sam's Club; #4728, ","103 Bryant Dr,Nicholasville,KY,40356,(859) 881-0431,"
-77.427275,39.023481,"Sam's Club; #4729,  Gas/Diesel,","45425 Dulles Crossing Plz,Sterling,VA,20166,(571) 434-8711,"
-111.978809,40.613876,"Sam's Club; #4730,  Gas,","7571 S 3800 W,West Jordon,UT,84084,(801) 282-5600,"
-97.650354,35.560572,"Sam's Club; #4731,  Gas/Diesel,","9000 Nw Passage,Oklahoma City,OK,73132,(405) 773-3602,"
-112.235229,33.648837,"Sam's Club; #4732,  Gas,","18501 N 83rd Ave,Glendale,AZ,85308,(623) 825-9257,"
-76.253714,36.914632,"Sam's Club; #4733,  Gas,","741 E Little Creek Rd; I-64 Exit 277,Norfolk,VA,23518,(757) 448-6853,"
-117.970104,33.913477,"Sam's Club; #4735,  Gas,","1390 S Beach Blvd,La Habra,CA,90631,(562) 697-9281,"
-93.201313,44.733923,"Sam's Club; #4736, ","14940 Florence Trail,Apple Valley,MN,55124,(952) 432-1200,"
-93.152193,44.845757,"Sam's Club; #4738,  Gas,","3035 Denmark Ave,Eagan,MN,55121,(651) 405-0079,"
-84.007501,33.889739,"Sam's Club; #4739, ","1520 Scenic Hwy N,Snellville,GA,30078,(770) 979-0492,"
-89.982392,34.960487,"Sam's Club; #4740,  Gas,","465 Goodman Rd,Southhaven,MS,38671,(662) 349-0723,"
-90.396573,38.566366,"Sam's Club; #4741,  Gas,","10248 Big Bend Blvd,St Louis,MO,63122,(314) 965-7076,"
-97.414435,32.687618,"Sam's Club; #4742,  Gas,","4400 Bryant Irvin Rd; I-20 Exit 431,Fort Worth,TX,76132,(817) 989-1992,"
-96.690816,33.055855,"Sam's Club; #4743,  Gas,","1200 E Spring Creek Pkwy,Plano,TX,75074,(972) 516-8520,"
-74.714268,40.887378,"Sam's Club; #4744, ","81 International Dr S; I-80 Exit 27,Budd Lake,NJ,07828,(973) 448-8611,"
-104.984252,39.872319,"Sam's Club; #4745,  Gas,","9601 Grant St; I-25 Exit 220,Thornton,CO,80229,(303) 453-4945,"
-92.415845,35.062843,"Sam's Club; #4749, Gas,","1250 S Amity Rd; I-40 Exit 129,Conway,AR,72032,(501) 205-7465,"
-81.47007,41.118113,"Sam's Club; #4750,  Gas,","1189 Buchholzer Blvd,Cuyahoga Falls,OH,44221,(330) 929-3789,"
-157.842269,21.295226,"Sam's Club; #4755, ","750 Keeaumoku St: I-H1 Exit 23,Honolulu,HI,96814,(808) 945-9841,"
-97.492737,35.217156,"Sam's Club; #4761, ","3400 W Main St; I-35 Exit 109,Norman,OK,73072,(405) 307-8374,"
-95.642592,29.611589,"Sam's Club; #4763,  Gas,","351 Hwy 6,Sugar Land,TX,77478,(281) 295-2525,"
-95.72593,29.786635,"Sam's Club; #4764,  Gas,","20424 Katy Freeway; I-10 Exit 747,Katy,TX,77490,(281) 578-7846,"
-76.766775,39.406292,"Sam's Club; #4766,  Gas/Diesel,","9750 Reistertown Rd B; I-795 Exit 4,Owings Mills,MD,21117,(410) 654-6930,"
-118.145401,34.607812,"Sam's Club; #4767,  Gas,","39940 10th St,Palmdale,CA,93550,(909) 628-9273,"
-119.47852,39.28934,"Sam's Club; #4768,  Gas,","4835 Kietzke Ln,Reno,NV,89509,(775) 829-7900,"
-95.469651,29.724232,"Sam's Club; #4769,  Gas,","5310 S Rice Blvd; I-610 Exit 8,Houston,TX,77081,(832) 778-9736,"
-104.718277,40.383714,"Sam's Club; #4770,  Gas/Diesel,","3247 23rd Ave,Evans,CO,80620,(970) 330-1011,"
-76.651218,39.14816,"Sam's Club; #4771,  Gas/Diesel,","424 George Clauss Blvd; I-97 Exit 13,Severn,MD,21144,(410) 969-5270,"
-82.453278,27.340602,"Sam's Club; #4772, ","300 N Cattlemen Rd; I-75 Exit 210,Sarasota,FL,34232,(941) 341-9274,"
-74.042374,40.791397,"Sam's Club; #4774, ","300 Park Place; I-95 Exit 17,Secaucus,NJ,07094,(201) 974-0702,"
-90.170239,29.974187,"Sam's Club; #4775,  Gas,","3900 Airline Hwy,Metairie,LA,70001,(504) 831-2911,"
-86.658454,34.736543,"Sam's Club; #4776,  Gas,","5651 Holmes AvE NW,Huntsville,AL,35816,(256) 837-7323,"
-104.898434,39.76651,"Sam's Club; #4777,  Gas,","7805 E 35th Ave; I-70 Exit 278,Denver,CO,80238,(720) 941-6180,"
-83.28321,42.706287,"Sam's Club; #4778,  Gas,","4350 Joslyn Rd; I-75 Exit 83,Auburn Hills,MI,48326,(248) 391-6910,"
-83.981616,34.073086,"Sam's Club; #4780,  Gas,","3383 Buford Dr; I-85 Exit 115,Buford,GA,30519,(770) 831-7122,"
-84.519606,42.764405,"Sam's Club; #4781,  Gas,","2925 Towne Centre Blvd,Lansing,MI,48912,(517) 482-9149,"
-81.468556,28.327023,"Sam's Club; #4782,  Gas,","4763 W Irlo Bronson Memorial Hwy,Kissimmee,FL,34746,(407) 397-9910,"
-96.64501,32.961697,"Sam's Club; #4783,  Gas,","5150 N Garland Ave,Garland,TX,75044,(972) 469-3956,"
-106.766427,32.346651,"Sam's Club; #4784,  Gas,","2711 N Telshor Blvd; I-25 Exit 6,Las Cruces,NM,88011,(505) 521-7858,"
-81.341486,28.791965,"Sam's Club; #4785,  Gas,","1101 Rinehart Rd; I-4 Exit 101,Sanford,FL,32771,(407) 302-8355,"
-111.837265,41.755148,"Sam's Club; #4786,  Gas,","145 W Cache Valley Blvd,Logan,UT,84341,(435) 787-0063,"
-93.28193,44.860123,"Sam's Club; #4787,  Gas,","200 W 79th St,Bloomington,MN,55420,(952) 888-1050,"
-77.350632,37.527625,"Sam's Club; #4788,  Gas/Diesel,","4571 Laburnum Ave; I-64 Exit 195,Richmond,VA,23231,(804) 222-5208,"
-84.623818,33.399976,"Sam's Club; #4789,  Gas,","310 Fischer Rd,Sharpsburg,GA,30277,(770) 304-0346,"
-90.148275,32.270014,"Sam's Club; #4790,  Gas/Diesel,","90 Bass Pro Dr; I-20 Exit 48,Pearl,MS,39208,(601) 939-4161,"
-100.834769,37.982641,"Sam's Club; #4791,  Gas/Diesel,","3010 Larue St,Garden City,KS,67846,(620) 272-9001,"
-81.921122,27.998721,"Sam's Club; #4794,  Gas/Diesel,","3530 Lakeland Highlands Rd,Lakeland,FL,33803,(863) 644-4730,"
-97.096839,32.932197,"Sam's Club; #4795,  Gas,","1701 W St Hwy 114,Grapevine,TX,76051,(817) 416-5434,"
-80.59108,35.463272,"Sam's Club; #4797,  Gas,","2421 Supercenter Dr Ne; I-85 Exit 60,Kannapolis,NC,28025,(704) 792-9000,"
-80.272348,36.186694,"Sam's Club; #4798,  Gas,","284 Summit Square Blvd,Winston Salem,NC,27105,(336) 377-2820,"
-121.29608,38.67964,"Sam's Club; #4799,  Gas,","7147 Greenback Lane,Citrus Heights,CA,95610,(916) 721-6527,"
-82.336149,27.789769,"Sam's Club; #4801,  Gas/Diesel,","10358 Big Bend Rd: I-75 Exit 246,Riverview,FL,33578,(813) 371-2394,"
-84.749035,33.887557,"Sam's Club; #4802,  Gas,","4798 Jimmy Lea Pkwy,Hiram,GA,30141,(678) 567-5990,"
-84.212405,33.46118,"Sam's Club; #4804,  Gas,","1765 Jonesboro Rd; I-75 Exit 221,Mcdonough,GA,30253,(770) 914-0488,"
-108.526688,45.754838,"Sam's Club; #4805,  Gas/Diesel,","4420 King Ave E; I-90 Exit 447,Billings,MT,59101,(406) 256-7277,"
-84.086758,33.695866,"Sam's Club; #4810,  Gas,","2994 Turner Hill Rd; I-20 Exit 75,Lithonia,GA,30058,(770) 482-2077,"
-83.353881,42.523739,"Sam's Club; #4812, ","32625 Northwestern Hwy,Farmington Hills,MI,48334,(248) 539-3066,"
-88.948311,40.523742,"Sam's Club; #4815,  Gas,","2151 Shepard Rd; I-55 Exit 167,Normal,IL,61761,(309) 454-3138,"
-104.705933,39.603628,"Sam's Club; #4816,  Gas,","6201 S Aurora Pkwy,Aurora,CO,80016,(303) 617-5601,"
-86.625486,33.64461,"Sam's Club; #4817,  Gas,","5940 Trussville Crossing Blvd; I-59 Exit 141,Birmingham,AL,35235,(205) 655-0505,"
-82.503313,28.531276,"Sam's Club; #4818,  Gas,","13360 Cortez Blvd,Brooksville,FL,34613,(352) 592-4737,"
-119.094562,35.304472,"Sam's Club; #4819,  Gas/Diesel,","5625 Gosford Rd,Bakersfield,CA,93313,(661) 654-8565,"
-81.45212,32.139018,"Sam's Club; #4820,  Gas/Diesel,","15 Mill Creek Circle; I-95 Exit 104,Pooler,GA,31322,(912) 748-3767,"
-117.177504,33.554075,"Sam's Club; #4822,  Gas,","40500 Murrieta Hot Springs Rd; I-15 Exit 64,Murrieta,CA,92563,(951) 696-4500,"
-118.504472,34.41537,"Sam's Club; #4824,  Gas,","26468 Carl Boyer Dr,Santa Clarita,CA,91350,(661) 222-7408,"
-93.070226,34.469398,"Sam's Club; #4825,  Gas/Diesel,","1368 Higdon Ferry Rd,Hot Springs,AR,71913,(501) 625-7201,"
-81.247849,28.392754,"Sam's Club; #4828, Gas,","11920 Narcoossee Rd; Hwy 417 Exit 22,Orlando,FL,32832,(407) 204-8629,"
-111.741798,33.303469,"Sam's Club; #4829,  Gas/Diesel,","2621 S Market St,Gilbert,AZ,85296,(480) 722-1447,"
-112.339724,33.452157,"Sam's Club; #4830,  Gas,","1459 N Dysart Rd; I-10 Exit 129,Avondale,AZ,85323,(623) 882-3859,"
-78.956817,35.967553,"Sam's Club; #4831,  Gas,","4005 Chapel Hill Blvd,Durham,NC,27707,(919) 489-8160,"
-122.206983,47.472625,"Sam's Club; #4835,  Gas,","901 S Grady Way; I-405 Exit 2,Renton,WA,98055,(425) 793-7443,"
-85.776366,33.610335,"Sam's Club; #4836,  Gas,","1900 Oxford Exchange Blvd; I-20 Exit 188,Oxford,AL,36203,(256) 342-0125,"
-90.964108,30.451243,"Sam's Club; #4837,  Gas/Diesel,","201 Bass Pro Blvd: I-12 Exit 10,Denham Springs,LA,70726,(225) 665-8988,"
-96.003775,36.054211,"Sam's Club; #4839, ","7757 S Olympia Ave: I-44 exit 224,Tulsa,OK,74132,(918) 877-4546,"
-88.987371,42.727272,"Sam's Club; #4840, ","3900 Deerfield Dr; I-39/90 Exit 171A,Janesville,WI,53546,(608) 741-2367,"
-95.387716,29.581318,"Sam's Club; #4843,  Gas/Diesel,","15800 S Freeway,Pearland,TX,77584,(713) 986-0080,"
-95.238911,30.131368,"Sam's Club; #4845, Gas,","22296 Market Place Dr,New Caney,TX,77357,(281) 354-9701,"
-81.293721,41.717925,"Sam's Club; #4846,  Gas,","5600 Emerald Court Rd SE,Mentor,OH,44060,(440) 352-7430,"
-79.591829,40.30809,"Sam's Club; #4847,  Gas,","6211 Rt 30,Greensburg,PA,15601,(724) 850-7490,"
-98.219997,26.27216,"Sam's Club; #4850,  Gas,","7601 N 10th St,McAllen,TX,78504,(956) 278-8824,"
-85.76054,38.32923,"Sam's Club; #4851,  Gas,","1301 Veterans Pkwy: I-65 Ext 5,Clarksville,IN,47129,(812) 218-0310,"
-82.358122,28.187323,"Sam's Club; #4852,  Gas,","27727 SR 56,Wesley Chapel,FL,33543,(813) 929-7010,"
-104.874853,39.418681,"Sam's Club; #4853, Gas,","5940 Promenade Pkwy; I-25 Exit 184/185,Castle Rock,CO,80108,(303) 379-8049,"
-81.980584,26.650802,"Sam's Club; #4857, ","301 SW Pine Island Rd,Cape Coral,FL,33991,(239) 800-6028,"
-79.95326,40.87685,"Sam's Club; #4859,  Gas,","200 Morgaine Pt Plaza,Butler,PA,16001,(724) 282-3525,"
-81.180371,37.801251,"Sam's Club; #4860,  Gas,","1220 N Eisenhower Dr,Beckley,WV,25801,(304) 252-6508,"
-82.678539,27.788788,"Sam's Club; #4861,  Gas,","1725 34th St N,St Petersburg,FL,33713,(727) 369-0511,"
-94.823543,39.131205,"Sam's Club; #4870,  Gas,","10510 Parallel Pkwy: I-435 Exit 14,Kansas City,KS,66109,(913) 693-0977,"
-88.669076,32.368724,"Sam's Club; #4871,  Gas,","715 Bonita Dr,Meridian,MS,39301,(601) 482-4833,"
-80.878102,34.122065,"Sam's Club; #4872,  Gas,","733 Fashion Dr,Columbia,SC,29229,(803) 223-0994,"
-96.601592,40.736629,"Sam's Club; #4873,  Gas/Diesel,","8480 Andermatt Dr,Lincoln,NE,68526,(402) 488-0108,"
-90.133989,30.447476,"Sam's Club; #4874,  Gas,","69630 Stirling Blvd; I-12 Exit 63,Covington,LA,70433,(985) 327-6254,"
-90.881064,38.813326,"Sam's Club; #4875,  Gas,","3055 Bear Creek Dr: I-70 Exit 208,Wentzville,MO,63385,(636) 698-9774.,"
-86.415834,36.94228,"Sam's Club; #4876,  Gas,","3200 Ken Bale Blvd; I-65 Exit 22,Bowling Green,KY,42103,(270) 781-7775,"
-89.948576,38.777518,"Sam's Club; #4878,  Gas,","5 Illini Dr,Glen Carbon,IL,62034,(618) 659-7336,"
-81.779311,33.562252,"Sam's Club; #4879,  Gas,","220 Jefferson Davis Hwy,Aiken,SC,29801,(803) 761-6908,"
-82.543001,34.829703,"Sam's Club; #4901,  Gas,","309 Rolling Hills Circle,Easley,SC,29640,(864) 644-9000,"
-97.170191,33.232161,"Sam's Club; #4905,  Gas/Diesel,","2850 W University Dr: I-35 Exit 469,Denton,TX,76201,(940) 898-1529,"
-96.630369,33.218357,"Sam's Club; #4906,  Gas/Diesel,","1670 W University,Mckinney,TX,75069,(469) 952-2417,"
-87.127344,37.715196,"Sam's Club; #4908,  Gas,","5420 Frederica St,Owensboro,KY,42301,(270) 683-1930,"
-97.148963,32.595507,"Sam's Club; #4911,  Gas,","1740 N Hwy 157,Mansfield,TX,76063,(817) 779-6047,"
-98.448837,29.660661,"Sam's Club; #4914, ","2530 Marshall Rd,San Antonio,TX,78259,(210) 810-4368,"
-114.564442,35.165786,"Sam's Club; #4915,  Gas/Diesel,","600 Hwy 95,Bullhead City,AZ,86426,(928) 754-3900,"
-80.875807,35.596278,"Sam's Club; #4917,  Gas,","646 River Hwy; I-77 Exit 36,Mooresville,NC,28117,(704) 360-1010,"
-94.813246,39.811074,"Sam's Club; #4920,  Gas,","5201 N Belt Hwy Bldg A; I-29 Exit 50,St Joesph,MO,64506,(816) 279-2192,"
-85.951101,39.197862,"Sam's Club; #4926,  Gas,","2715 Merchant Mile; I-65 Exit 68,Columbus,IN,47201,(812) 373-9226,"
-111.83913,33.284879,"Sam's Club; #4927,  Gas,","1375 S Arizona Ave,Chandler,AZ,85248,(480) 726-9383,"
-111.684802,32.878963,"Sam's Club; #4927,  Gas,","2425 E Florence Blvd; I-10 Exit 194,Casa Grande,AZ,85194,(520) 413-6816.,"
-85.507858,36.133549,"Sam's Club; #4930,  Gas,","1177 Sams St; I-40 Exit 287,Cookeville,TN,38506,(931) 528-2070,"
-100.740515,46.793869,"Sam's Club; #4933,  Gas/Diesel,","2821 Rock Island Place,Bismarck,ND,58504,(701) 222-1101,"
-80.000683,39.647214,"Sam's Club; #4936,  Gas/Diesel,","6001 University Town Centre Dr; I-79 Exit 155,Morgantown,WV,26534,(304) 598-3042,"
-106.612971,35.138203,"Sam's Club; #4938,  Gas,","1421 N Renaissance Blvd Ne; I-25 Exit 228,Albuquerque,NM,87107,(505) 344-0051,"
-98.428929,29.346959,"Sam's Club; #4939,  Gas,","3239 Goliad Rd; I-37 Exit 135,San Antonio,TX,78223,(210) 507-0482,"
-88.338751,42.005884,"Sam's Club; #4942,  Gas,","1000 S Randall Rd,Elgin,IL,60123,(630) 503-2142,"
-83.646605,42.939338,"Sam's Club; #4944, ","6160 S Saginaw Rd,Grand Blanc,MI,48439,(810) 603-9540,"
-79.009113,34.668828,"Sam's Club; #4945,  Gas/Diesel,","5085 Dawn Dr.; I-295 Exit 22,Lumberton,NC,28358,(910) 738-7366,"
-77.823727,35.960477,"Sam's Club; #4946,  Gas/Diesel,","300 Tarrytown Center,Rocky Mount,NC,27804,(252) 443-4044,"
-82.031494,39.988523,"Sam's Club; #4947,  Gas/Diesel,","3724 Northpointe Dr,Zanesville,OH,43701,(740) 452-7183,"
-100.412783,31.425247,"Sam's Club; #4948,  Gas,","5749 Sherwood Way,San Angelo,TX,76901,(325) 223-9373,"
-82.44107,35.349471,"Sam's Club; #4950,  Gas/Diesel,","300 Highlands Sq Dr; I-26 Exit 49,Hendersonville,NC,28792,(828) 698-6889,"
-79.802808,40.565794,"Sam's Club; #4952,  Gas/Diesel,","2000 Village Ctr Dr,Tarentum,PA,15084,(724) 274-1734,"
-112.414669,33.636633,"Sam's Club; #4955,  Gas/Diesel,","16573 W Bell Rd,Surprise,AZ,85374,(623) 584-0054,"
-97.953452,29.851485,"Sam's Club; #4958,  Gas/Diesel,","1350 Leah AvE ,San Marcos,TX,78666,(512) 392-1963,"
-104.525631,33.448248,"Sam's Club; #4961,  Gas/Diesel,","4400 N Main St,Roswell,NM,88201,(505) 627-9852,"
-82.665798,41.400725,"Sam's Club; #4962,  Gas/Diesel,","614 Crossings Rd,Sandusky,OH,44870,(419) 626-6563,"
-82.978283,39.360917,"Sam's Club; #4963,  Gas/Diesel,","1270 N Bridge St,Chillcothe,OH,45601,(740) 779-6700,"
-74.229551,40.646344,"Sam's Club; #4967,  Gas/Diesel,","1900 E Linden Ave,Linden,NJ,07036,(908) 587-9820,"
-94.171438,36.352592,"Sam's Club; #4969,  Gas/Diesel,","3500 SE Club Blvd; I-540 Exit 86,Bentonville,AR,72712,(479) 621-5537,"
-80.400789,27.262768,"Sam's Club; #4972,  Gas/Diesel,","1750 SW Gatlin Blvd; I-95 Exit 118,Port St. Lucie,FL,34953,(772) 878-4881,"
-90.738952,42.516913,"Sam's Club; #4973,  Gas/Diesel,","4400 Asbury Rd,Dubuque,IA,52002,(563) 587-0576,"
-115.114487,36.240221,"Sam's Club; #4974,  Gas/Diesel,","2650 E Craig Rd; I-15 Exit 48,North Las Vegas,NV,89030,(702) 399-0347,"
-112.36304,34.57597,"Sam's Club; #4977,  Gas/Diesel,","5757 E State Rt. 69,Prescott Valley,AZ,86314,(928) 778-5042,"
-84.758251,43.5721,"Sam's Club; #4982, ","4850 Encore Blvd,Mt Pleasant,MI,48858,(989) 772-0974,"
-115.246227,36.064399,"Sam's Club; #4983,  Gas/Diesel,","7100 Arroyo Crossing Pkwy,Las Vegas,NV,89113,(702) 260-9003,"
-93.300262,37.132216,"Sam's Club; #4985,  Gas/Diesel,","745 W El Camino Alto,Springfield,MO,65802,(417) 881-9676,"
-105.128364,40.148789,"Sam's Club; #4987,  Gas/ Diesel.,","1200 S Hover,Longmont,CO,80501,(303) 845-4223,"
-85.430014,32.608515,"Sam's Club; #4989,  Gas/Diesel,","2335 Bent Creek Rd; I-85 Exit 57,Auburn,AL,36830,(334) 821-0121,"
-87.855036,30.659206,"Sam's Club; #4990,  Gas/Diesel,","29683 Frederick Blvd,Daphne,AL,36526,(251) 626-6909,"
-80.793017,28.361795,"Sam's Club; #4991,  Gas/Diesel,","450 Townsend Rd; I-95 Exit 201,Cocoa,FL,32926,(321) 639-0124,"
-85.8911,37.7278,"Sam's Club; #4992,  Gas/Diesel,","1500 Ring Rd,Elizabethtown,KY,42701,(270) 769-1044,"
-77.025796,40.248032,"Sam's Club; #4994,  Gas,","6520 Carlisle Pike,Mechanicsburg,PA,17050,(717) 516-3041,"
-79.430929,36.585129,"Sam's Club; #4996,  Gas/Diesel,","215 Piedmont Dr.,Danville,VA,24541,(434) 797-3029,"
-81.932267,28.93405,"Sam's Club; #4998,  Gas/Diesel,","755 N Hwy 441,Lady Lake,FL,32159,(352) 751 5150,"
-91.32914,39.937744,"Sam's Club; #4999, ","700 N 54th St; I-172 Exit 14,Quincy,IL,62305,(217) 222-6682,"
-96.020988,41.162174,"Sam's Club; #6181,  Gas,","9851 S 71st Plaza,Papillion,NE,68133,(402) 686-2379,"
-97.79505,30.472889,"Sam's Club; #6188,  Gas,","10901 Lakeline Mall Dr,Austin,TX,78717,(512) 872-8464,"
-81.470994,28.653141,"Sam's Club; #6189,  Gas,","1500 S Orange Blossom Trail,Apopka,FL,32703,(407) 553-4127,"
-73.984143,41.970901,"Sam's Club; #6201, ","801 Frank Sottile Blvd,Kingston,NY,12401,(845) 382-1320,"
-94.731039,31.301268,"Sam's Club; #6202, ","407 N Brentwood Ave,Lufkin,TX,75901,(936) 639-1700,"
-81.151251,34.071854,"Sam's Club; #6203,  Gas/Diesel,","350 Harbison Blvd; I-26 Exit 103,Columbia,SC,29212,(803) 749-9838,"
-83.319988,30.828905,"Sam's Club; #6204,  Gas,","450 Norman Dr; I-75 Exit 16,Valdosta,GA,31601,(229) 244-3939,"
-114.6001,32.7007,"Sam's Club; #6205,  Gas,","1462 S Pacific Ave: I-8 Exit 2,Yuma,AZ,85365,(928) 783-3684,"
-81.284332,28.570094,"Sam's Club; #6212,  Gas,","7701 E Colonial Dr,Orlando,FL,32807,(407) 384-7570,"
-111.970007,33.31494,"Sam's Club; #6213,  Gas,","700 N 54th St; I-10 Exit 159,Chandler,AZ,85226,(480) 893-1555,"
-77.406446,35.54662,"Sam's Club; #6216,  Gas,","4240 Winterville Pkwy,Winterville,NC,28590,(252) 439-0400,"
-80.333181,25.785732,"Sam's Club; #6217,  Gas,","8425 Nw 13th Ter,Miami,FL,33126,(305) 463-9384,"
-81.489076,28.550652,"Sam's Club; #6218,  Gas,","7810 W Colonial Dr,Orlando,FL,32818,(407) 532-5212,"
-104.792082,38.93325,"Sam's Club; #6219,  Gas,","1850 E Woodmen Rd,Colorado Springs,CO,80920,(719) 277-0407,"
-89.827938,30.309882,"Sam's Club; #6220,  Gas,","181 Northshore Blvd; I-12 Exit 80,Slidell,LA,70460,(985) 641-1401,"
-88.342823,41.860042,"Sam's Club; #6227,  Gas,","501 N Randall Rd,Batavia,IL,60510,(630) 761-9100,"
-87.940196,42.23207,"Sam's Club; #6228, ","335 N Milwaukee Ave,Vernon Hills,IL,60061,(847) 955-9260,"
-117.056331,32.739014,"Sam's Club; #6235, ","6336 College Grove Way,San Diego,CA,92115,(818) 837-4791,"
-80.960556,34.940797,"Sam's Club; #6236,  Gas,","2474 Cross Pointe Dr,Rock Hill,SC,29730,(803) 372-6500,"
-88.119807,41.606791,"Sam's Club; #6237,  Gas,","460 S Weber Rd,Romeoville,IL,60446,(815) 221-4727,"
-95.829905,36.293023,"Sam's Club; #6238,  Gas,","12905 E 96th St N,Owasso,OK,74055,(918) 212-7037,"
-76.638032,39.458278,"Sam's Club; #6239,  Gas,","15 Texas Station Ct,Timonium,MD,21093,(410) 628-6207,"
-117.833195,34.11536,"Sam's Club; #6240,  Gas/Diesel,","1301 S Lone Hill Ave; I-210 Exit 44,Glendora,CA,91740,(909) 394-4556,"
-111.894206,33.622339,"Sam's Club; #6241,  Gas,","15255 N Northsight Blvd,Scottsdale,AZ,85260,(480) 609-0550,"
-83.089142,40.086586,"Sam's Club; #6242,  Gas,","5870 Sawmill Rd,Dublin,OH,43017,(614) 760-7771,"
-97.171447,32.763412,"Sam's Club; #6244,  Gas,","8351 Anderson Blvd; I-30 Exit 24,Fort Worth,TX,76120,(817) 459-4581,"
-97.682844,31.07289,"Sam's Club; #6245,  Gas,","600 W Central Texas Expwy,Harker Heights,TX,76548,(254) 415-4885,"
-106.439434,31.88198,"Sam's Club; #6246, ","9498 Gateway N,El Paso,TX,79924,(915) 730-6085,"
-94.460988,39.239352,"Sam's Club; #6247,  Gas,","8130 N Church Rd; I-35 Exit 16,Kansas City,MO,64158,(816) 439-4006,"
-86.818962,35.942543,"Sam's Club; #6249,  Gas,","3070 Mallory Ln; I-65 Exit 65,Franklin,TN,37067,(615) 778-1401,"
-80.218189,40.184042,"Sam's Club; #6251,  Gas,","80 Trinity Pt Dr; I-70 Exit 19,Washington,PA,15301,(724) 229-3500,"
-90.59692,38.666455,"Sam's Club; #6252, ","196 Thf Blvd; I-64 Exit 17,Chesterfield,MO,63005,(636) 728-0359,"
-93.493834,45.123769,"Sam's Club; #6254,  Gas/Diesel,","16701 94th Ave N; I-94 Exit 213,Maple Grove,MN,55311,(763) 416-5320,"
-96.799061,33.095333,"Sam's Club; #6255,  Gas,","8621 Ohio Dr,Plano,TX,75024,(469) 633-0026,"
-89.813517,35.049445,"Sam's Club; #6256,  Gas,","7475 Winchester Rd,Memphis,TN,38125,(901) 754-0324,"
-115.27006,36.272884,"Sam's Club; #6257,  Gas,","8080 W Tropical Pkwy,Las Vegas,NV,89149,(702) 515-7200,"
-97.680543,30.484691,"Sam's Club; #6259, ","130 Sundance Pkwy; I-35 Exit 251,Round Rock,TX,78681,(512) 828-0534,"
-89.780532,35.206683,"Sam's Club; #6260,  Gas,","8480 Hwy 64; I-40 Exit 18,Bartlett,TN,38133,(901) 384-9997,"
-115.126629,36.022862,"Sam's Club; #6261,  Gas,","1910 E Serene Ave; I-215 Exit 5,Las Vegas,NV,89123,(702) 614-3372,"
-98.595321,29.567195,"Sam's Club; #6262,  Gas,","5565 Dezavala Rd; I-10 Exit 558,San Antonio,TX,78249,(210) 641-4810,"
-96.962696,32.919177,"Sam's Club; #6265,  Gas,","1213 Market Pl Blvd; I-635 Exit 31,Irving,TX,75063,(972) 401-0143,"
-97.426277,35.642623,"Sam's Club; #6267,  Gas,","1117 W Frontage Rd; I-35 Exit 140,Edmond,OK,73034,(405) 757-3222,"
-97.721541,26.193599,"Sam's Club; #6269,  Gas,","621 N Expressway 77,Harlingen,TX,78550,(956) 507-7305,"
-97.462293,37.740114,"Sam's Club; #6275,  Gas,","3084 N Maize Rd,Wichita,KS,67205,(316) 347-2578,"
-96.734295,46.849864,"Sam's Club; #6278,  Gas,","2800 27th Ave S; I-94 Exit 2,Moorhesd,MN,56560,(218) 331-3010,"
-85.974214,39.774466,"Sam's Club; #6301,  Gas,","10859 E Washington St,Indianapolis,IN,46229,(317) 897-2582,"
-81.511983,41.366791,"Sam's Club; #6302,  Gas/Diesel,","23300 BRdway Ave; I-271 Exit 23,Oakwood Village,OH,44146,(440) 232-2582,"
-88.044784,43.01376,"Sam's Club; #6303, ","1540 S 108th St,West Allis,WI,53214,(414) 453-5806,"
-86.262895,39.763148,"Sam's Club; #6304, ","5805 Rockville Rd; I-74 Exit 134,Indianapolis,IN,46224,(317) 248-3577,"
-81.756894,41.41976,"Sam's Club; #6305,  Gas,","10250 Brookpark Rd; I-480 Exit 13,Brooklyn,OH,44130,(216) 265-0012,"
-82.912225,40.059272,"Sam's Club; #6307, ","3950 MorSE Rd; I-270 Exit 32,Columbus,OH,43219,(614) 476-4224,"
-83.152911,39.986365,"Sam's Club; #6308,  Gas,","1755 Hilliard Rome Rd; I-70 Exit 91,Columbus,OH,43026,(614) 921-0057,"
-93.023807,45.038514,"Sam's Club; #6309,  Gas/Diesel,","1850 Buerkle Rd; I-694 Exit 50,White Bear Lake,MN,55110,(651) 779-6535,"
-93.266436,45.115989,"Sam's Club; #6310, ","8150 University Ave Ne,Fridley,MN,55432,(763) 784-4102,"
-93.416463,44.781725,"Sam's Club; #6311,  Gas,","8201 Old Carriage Ct,Shakopee,MN,55379,(952) 496-1979,"
-92.906375,44.942363,"Sam's Club; #6312,  Gas,","9925 Hudson Rd; I-94 Exit 251,Woodbury,MN,55125,(651) 702-7970,"
-85.161242,41.141001,"Sam's Club; #6313,  Gas,","6736 Lima Rd; I-69 Exit 111,Fort Wayne,IN,46818,(260) 490-0626,"
-82.080367,41.420688,"Sam's Club; #6314,  Gas,","5225 Cobblestone Rd; I-90 Exit 148,Sheffield Village,OH,44035,(440) 934-7567,"
-86.179441,41.714163,"Sam's Club; #6315, ","120 Indian Ridge Blvd,Mishawaka,IN,46545,(574) 243-8048,"
-86.214217,39.910308,"Sam's Club; #6316,  Gas,","3015 W 86th St,Indianapolis,IN,46268,(317) 871-7135,"
-81.436396,40.878549,"Sam's Club; #6317,  Gas,","4790 Portage St N; I-77 Exit 111,Canton,OH,44720,(330) 497-5295,"
-93.36803,44.935401,"Sam's Club; #6318,  Gas/Diesel,","3745 Louisiana Ave S,St Louis Park,MN,55426,(952) 924-9452,"
-85.55965,42.911697,"Sam's Club; #6319,  Gas,","4326 28th St Se; I-96 Exit 43,Kentwood,MI,49512,(616) 942-2656,"
-92.179031,46.808694,"Sam's Club; #6320,  Gas,","4743 Maple Grove Rd,Hermantown,MN,55811,(218) 722-1241,"
-88.458835,44.270949,"Sam's Club; #6321, ","1000 N Westhill Blvd; Hwy 41 Exit 138,Appleton,WI,54914,(920) 733-4655,"
-80.632555,41.03362,"Sam's Club; #6322,  Gas,","6361 S Ave; I-680 Exit 11,Youngstown,OH,44512,(330) 965-1643,"
-88.064037,43.163672,"Sam's Club; #6324,  Gas,","8050 N 124th St,Milwaukee,WI,53223,(414) 386-3700,"
-86.08147,39.617253,"Sam's Club; #6325, ","1101 Windhorst Way; I-65 Exit 99,Greenwood,IN,46143,(317) 889-2582,"
-82.782773,39.937875,"Sam's Club; #6326,  Gas,","2675 Taylor Rd; I-70 Exit 112,Reynoldsburg,OH,43068,(614) 866-5369,"
-80.744286,41.226584,"Sam's Club; #6327,  Gas,","1040 Niles Cortland Rd SE,Warren,OH,44484,(330) 856-7411,"
-87.743958,41.842983,"Sam's Club; #6328,  Gas,","2601 S Cicero Ave,Cicero,IL,60804,(708) 656-6256,"
-88.709278,34.305977,"Sam's Club; #6329,  Gas,","3833 N Gloster St,Tupelo,MS,38804,(662) 840-6459,"
-75.552498,39.193407,"Sam's Club; #6330,  Gas,","1572 N Dupont Hwy,Dover,DE,19901,(302) 678-4220,"
-87.882921,42.607285,"Sam's Club; #6331,  Gas/Diesel,","3300 Brumback Blvd,Kenosha,WI,53144,(262) 654-6213,"
-74.959514,40.092277,"Sam's Club; #6332, ","1000 Franklin Mills Circle; I-95 Exit 35,Philadelphia,PA,19154,(215) 632-2299,"
-68.738698,44.830169,"Sam's Club; #6333,  Gas,","47 Haskell Rd,Bangor,ME,04401,(207) 947-4606,"
-88.952446,39.902026,"Sam's Club; #6334, ","4334 N Prospect; I-72 Exit 141,Decatur,IL,62526,(217) 876-9202,"
-82.189338,29.148076,"Sam's Club; #6335,  Gas,","3921 Sw College Rd,Ocala,FL,34474,(352) 873-0500,"
-97.36858,31.064318,"Sam's Club; #6336,  Gas,","1414 Marland Wood Rd.,Temple,TX,76502,(254) 774-8402,"
-70.886177,42.892981,"Sam's Club; #6337, ","11 Batcheldor Rd; I-95 Exit 1,Seabrook,NH,03874,(603) 474-7474,"
-96.302625,30.632339,"Sam's Club; #6338,  Gas,","1405 Earl Rudder Frway,College Station,TX,77840,(979) 693-2828,"
-88.30818,42.227738,"Sam's Club; #6339,  Gas,","5670 NW Hwy.,Crystal Lake,IL,60014,(815) 477-9876,"
-80.327843,26.144271,"Sam's Club; #6341, ","13550 W SunriSE Blvd,Sunrise,FL,33323,(954) 846-7001,"
-95.871171,36.062555,"Sam's Club; #6342,  Gas,","6922 S Mingo Rd,Tulsa,OK,74133,(918) 252-9503,"
-77.554244,37.639818,"Sam's Club; #6343,  Gas,","9440 W BRd St; I-64 Exit 180,Richmond,VA,23294,(804) 346-3031,"
-93.715092,41.598562,"Sam's Club; #6344,  Gas,","1101 73rd St; I-235 Exit 3,Des Moines,IA,50311,(515) 255-2252,"
-112.020098,43.480466,"Sam's Club; #6345,  Gas,","700 E 17th St,Idaho Falls,ID,83404,(208) 529-2300,"
-95.626186,29.735191,"Sam's Club; #6346,  Gas,","13331 Westheimer Rd,Houston,TX,77082,(281) 578-9884,"
-108.153637,36.765921,"Sam's Club; #6347,  Gas,","4500 E Main St,Farmington,NM,87402,(505) 326-3500,"
-80.874316,35.078384,"Sam's Club; #6348,  Gas,","11425 Carolina Place Pkwy; I-485 Exit 64,Pineville,NC,28134,(704) 541-1234,"
-87.684197,41.722971,"Sam's Club; #6349, ","9400 S Western AvE ,Evergreen Park,IL,60805,(708) 422-7417,"
-96.607181,33.673165,"Sam's Club; #6350,  Gas,","3333 N Hwy 75,Sherman,TX,75090,(903) 813-0444,"
-76.508393,37.119307,"Sam's Club; #6351,  Gas,","12407 Jefferson Ave: I-64 Exit 255,Newport News,VA,23602,(757) 875-0243,"
-71.42589,42.726329,"Sam's Club; #6352,  Gas,","7 Walmart Blvd,Hudson,NH,03051,(603) 882-4600,"
-78.897394,33.713163,"Sam's Club; #6353,  Gas,","1946 10th Ave N,Myrtle Beach,SC,29577,(843) 448-3887,"
-77.627049,37.504868,"Sam's Club; #6354,  Gas,","901 Wal-mart Way,Midlothian,VA,23113,(804) 378-7654,"
-81.289461,35.702992,"Sam's Club; #6355,  Gas,","2435 Hwy 70 SE,Hickory,NC,28602,(828) 326-8699,"
-73.899162,41.529332,"Sam's Club; #6356, ","56 W Merritt Blvd; I-84 Exit 13,Fishkill,NY,12524,(845) 896-4980,"
-76.551198,38.989111,"Sam's Club; #6357,  Gas/Diesel,","2100 Generals Hwy,Annapolis,MD,21401,(410) 573-1112,"
-87.910775,41.906179,"Sam's Club; #6358,  Gas,","141 W N Ave: I-290 Exit 13,Northlake,IL,60164,(708) 531-0807,"
-85.6919,43.034487,"Sam's Club; #6359,  Gas,","3901 Alpine Ave NW,Comstock Park,MI,49321,(616) 785-0001,"
-108.582772,39.082305,"Sam's Club; #6360,  Gas/Diesel,","1040 Independent Ave,Grand Junction,CO,81505,(970) 243-9203,"
-86.639111,30.439646,"Sam's Club; #6361,  Gas,","740 N Beal Pkwy,Fort Walton Beach,FL,32547,(850) 862-5330,"
-81.745667,30.197698,"Sam's Club; #6363,  Gas,","6373 Youngerman Circle; I-295 Exit 12,Jacksonville,FL,32244,(904) 573-9702,"
-81.768721,26.270749,"Sam's Club; #6364,  Gas,","2550 Immokalee Rd,Naples,FL,34110,(239) 592-6670,"
-78.465344,38.100009,"Sam's Club; #6365,  Gas,","970 Hilton Heights Rd,Charlottesville,VA,22901,(434) 978-2122,"
-76.007092,42.097791,"Sam's Club; #6366, ","2441 Vestal Pkwy E,Vestal,NY,13850,(607) 770-6200,"
-95.279318,30.007605,"Sam's Club; #6367,  Gas,","9665 Fm 1960 Bypass Rd W,Humble,TX,77338,(281) 548-1211,"
-76.248779,36.769806,"Sam's Club; #6368,  Gas,","1501 Sam's Circle; I-64 Exit 290,Chesapeake,VA,23320,(757) 436-7119,"
-74.375897,40.516705,"Sam's Club; #6369,  Gas,","883 Rte 1 South: I-287 Exit 1,Edison,NJ,08817,(732) 321-0182,"
-77.29664,38.647307,"Sam's Club; #6371,  Gas,","14050 Worth Ave; I-95 Exit 156,Woodbridge,VA,22192,(703) 491-2662,"
-96.753571,32.862816,"Sam's Club; #6372, ","6185 Retail Rd,Dallas,TX,75231,(214) 382-2297,"
-81.552107,39.309924,"Sam's Club; #6373,  Gas,","1100 Grand Central Ave,Vienna,WV,26105,(304) 295-0280,"
-84.07242,40.724902,"Sam's Club; #6375,  Gas,","1150 Greely Chapel Rd; I-75 Exit 124,Lima,OH,45804,(419) 222-4050,"
-96.83973,32.924079,"Sam's Club; #6376,  Gas,","4062 LBJ Freeway,Adison,TX,75244,(972) 934-9274,"
-90.680091,35.815398,"Sam's Club; #6377,  Gas/Diesel,","2405 S Caraway Rd,Jonesboro,AR,72401,(870) 972-1644,"
-117.288577,33.936278,"Sam's Club; #6378,  Gas,","6363 Valley Springs Pkwy; I-215 Exit 29,Riverside,CA,92507,(951) 653-4840,"
-111.321568,47.517294,"Sam's Club; #6379,  Gas,","401 Northwest Byp,Great Falls,MT,59404,(406) 453-0018,"
-84.194158,39.847788,"Sam's Club; #6380,  Gas,","6955 Miller Rd; I-75 Exit 60,Dayton,OH,45414,(937) 454-6200,"
-97.011743,33.04742,"Sam's Club; #6381,  Gas,","751 W Main; I-35 Exit 452,Lewisville,TX,75067,(972) 436-6684,"
-115.248369,36.124617,"Sam's Club; #6382,  Gas,","7175 Spring Mountain Rd,Las Vegas,NV,89117,(702) 253-0072,"
-75.568754,38.415871,"Sam's Club; #6383,  Gas,","2700 N Salisbury Blvd,Salisbury,MD,21801,(410) 860-8466,"
-87.865064,41.777807,"Sam's Club; #6384,  Gas,","9500 W Joliet Rd,Hodgkins,IL,60525,(708) 387-7030,"
-97.062723,47.887393,"Sam's Club; #6385,  Gas,","2501 32nd Ave S; I-29 Exit 138,Grand Forks,ND,58201,(701) 795-9449,"
-71.476662,43.226344,"Sam's Club; #6386,  Gas,","304 Sheep Davis Rd,Concord,NH,03301,(603) 226-1255,"
-82.735371,27.840036,"Sam's Club; #6387,  Gas,","7001 Park Blvd,Pinellas Park,FL,33781,(727) 547-8955,"
-88.288599,41.717493,"Sam's Club; #6388, ","1050 Ogden Ave,Montgomery,IL,60538,(630) 449-1949,"
-82.500816,28.096402,"Sam's Club; #6401,  Gas,","15835 N Dale Mabry Hwy,Tampa,FL,33618,(813) 960-2110,"
-79.89912,36.057114,"Sam's Club; #6402,  Gas,","4418 W Wendover Ave; I-40 Exit 214,Greensboro,NC,27409,(336) 852-6212,"
-82.315949,27.934667,"Sam's Club; #6403,  Gas,","2021 W Brandon Blvd; I-75 Exit 257,Brandon,FL,33511,(813) 685-8223,"
-81.633249,41.133655,"Sam's Club; #6404, ","3750 W Market St; I-77 Exit 138,Fairlawn,OH,44313,(330) 665-5336,"
-121.64521,39.139628,"Sam's Club; #6405,  Gas,","900 N Walton Ave,Yuba City,CA,95993,(530) 674-5954,"
-78.974973,43.094702,"Sam's Club; #6406,  Gas/Diesel,","1580 Military Rd: I-190 Exit 22,Niagara Falls,NY,14304,(716) 298-1580,"
-82.588309,40.782305,"Sam's Club; #6407,  Gas,","1070 N Lexington-Spring Mill Rd,Ontario,OH,44906,(419) 747-9939,"
-106.008087,35.639633,"Sam's Club; #6408,  Gas,","4201 W Rodeo Rd,Santa Fe,NM,87507,(505) 471-8825,"
-84.201673,33.839497,"Sam's Club; #6409,  Gas,","1940 Mountain Ind. Blvd,Tucker,GA,30084,(770) 908-8408,"
-157.977095,21.397071,"Sam's Club; #6410,  Gas/Diesel,","1000 Kamehameha Hwy Ste 100,Pearl City,HI,96782,(808) 456-7788,"
-83.214376,42.215409,"Sam's Club; #6412,  Gas,","15700 Northline Rd; I-75 Exit 37,Southgate,MI,48195,(734) 285-0030,"
-96.678684,40.859693,"Sam's Club; #6413,  Gas/Diesel,","4900 N 27th St,Lincoln,NE,68521,(402) 438-3540,"
-81.118414,35.260782,"Sam's Club; #6414,  Gas,","3540 E Franklin Blvd; I-85 Exit 22,Gastonia,NC,28056,(704) 866-4752,"
-94.475002,37.050009,"Sam's Club; #6415,  Gas,","3536 Hammons Blvd,Joplin,MO,64804,(417) 623-6200,"
-98.486586,29.5585,"Sam's Club; #6416, ","12919 N Hwy 281,San Antonio,TX,78216,(210) 496-9924,"
-86.088007,42.808512,"Sam's Club; #6417, ","2190 N Park Dr,Holland,MI,49424,(616) 395-3190,"
-97.246747,37.746733,"Sam's Club; #6418,  Gas,","3415 N Rock Rd,Wichita,KS,67226,(316) 634-6007,"
-85.649974,44.72017,"Sam's Club; #6419,  Gas,","2401 Us 31 S,Traverse City,MI,49684,(231) 946-8777,"
-82.731647,27.959696,"Sam's Club; #6420,  Gas,","2575 Gulf To Bay,Clearwater,FL,33765,(727) 791-8081,"
-95.480097,30.329983,"Sam's Club; #6421,  Gas,","2000 Westview Blvd; I-45 Exit 88,Conroe,TX,77304,(936) 756-5778,"
-94.729027,32.543258,"Sam's Club; #6422,  Gas,","3310 N 4th St,Longview,TX,75605,(903) 663-5588,"
-74.370925,41.459412,"Sam's Club; #6423,  Gas/Diesel,","300 N Galleria Dr; I-84 Exit 4,Wallkill,NY,10941,(845) 829-0841,"
-86.104025,40.475238,"Sam's Club; #6424,  Gas,","1917 E Markland Ave,Kokomo,IN,46901,(765) 868-7025,"
-106.264896,42.849953,"Sam's Club; #6425,  Gas,","4600 E 2nd St; I-25 Exit 185,Casper,WY,82609,(307) 237-8877,"
-97.609686,38.78546,"Sam's Club; #6426,  Gas,","2919 Market Place; I-135 Exit 89,Salina,KS,67401,(785) 825-2229,"
-92.41358,44.076642,"Sam's Club; #6427, ","3410 55th St NW,Rochester,MN,55901,(507) 281-8355,"
-72.991408,40.82572,"Sam's Club; #6428, ","2950 Horseblock Rd; I-495 Exit 64,Medford,NY,11760,(631) 447-0227,"
-85.17981,42.258584,"Sam's Club; #6429,  Gas,","12737 Cotton Lake Rd; I-94 Exit 98,Battle Creek,MI,49017,(269) 979-5327,"
-104.793332,41.162621,"Sam's Club; #6430,  Gas/Diesel,","1948 Dell Range Blvd,Cheyenne,WY,82009,(307) 637-3771,"
-76.881624,42.152527,"Sam's Club; #6431, ","830 County Rt 64 Bldg 2,Elmira,NY,14903,(607) 739-2883,"
-96.371118,42.432761,"Sam's Club; #6432,  Gas/Diesel,","4201 S York St; I-29 Exit 143,Sioux City,IA,51106,(712) 233-3133,"
-121.958406,38.363832,"Sam's Club; #6433, ","1500 Helen Power Dr,Vacaville,CA,95687,(707) 449-0290,"
-76.800772,39.101093,"Sam's Club; #6434,  Gas,","3535 Russett Green E,Laurel,MD,20724,(301) 604-2060,"
-87.520578,33.166096,"Sam's Club; #6435,  Gas,","1401 Skyland Blvd E; I-20/59 Exit 73,Tuscaloosa,AL,35405,(205) 750-8559,"
-91.215816,43.870845,"Sam's Club; #6436, ","1211 Crossing Meadows Dr; I-90 Exit 4,Onalaska,WI,54650,(608) 781-1670,"
-85.57465,39.144618,"Sam's Club; #6437,  Gas,","3205 W Hwy 45,Bloomington,IN,47403,(812) 331-0003,"
-102.33351,31.897192,"Sam's Club; #6439,  Gas,","4230 John Ben Shepperd Pkwy,Odessa,TX,79762,(432) 550-9191,"
-73.763086,42.757151,"Sam's Club; #6440, ","579 Troy/schenectady Rd: I-87 Exit 6,Latham,NY,12110,(518) 783-1481,"
-81.975788,28.101302,"Sam's Club; #6441,  Gas,","4600 Hwy 98 N; I-4 Exit 32,Lakeland,FL,33809,(863) 853-2654,"
-72.982365,41.279718,"Sam's Club; #6442,  Gas,","2 Boston Post Rd; I-95 Exit 42,Orange,CT,06477,(203) 795-8100,"
-77.936772,35.382619,"Sam's Club; #6443,  Gas,","2811 N Park Dr,Goldsboro,NC,27534,(919) 778-9775,"
-87.707343,42.030693,"Sam's Club; #6444,  Gas/Diesel,","2450 Main St,Evanston,IL,60202,(847) 491-9000,"
-82.155071,27.008469,"Sam's Club; #6445,  Gas,","17700 Murdock Circle,Port Charlotte,FL,33948,(941) 255-5556,"
-86.925153,36.107242,"Sam's Club; #6447,  Gas,","615 Old Hickory Blvd; I-40 Exit 199,Nashville,TN,37209,(615) 356-5545,"
-82.733304,28.222312,"Sam's Club; #6448,  Gas,","4330 Hwy 19,New Port Richey,FL,34652,(727) 846-7300,"
-88.688136,37.08347,"Sam's Club; #6449,  Gas,","3550 James Sanders Blvd; I-24 Exit 4,Paducah,KY,42001,(270) 444-6500,"
-84.603829,39.187464,"Sam's Club; #6450,  Gas,","5375 N Bend Rd; I-75 Exit 14,Cincinnati,OH,45247,(513) 661-0800,"
-82.58055,35.59144,"Sam's Club; #6452,  Gas,","645 Patton Ave,Asheville,NC,28806,(828) 251-9791,"
-97.742642,30.391971,"Sam's Club; #6453,  Gas,","9700 N Capital Of Tx Hwy,Austin,TX,78759,(512) 343-8262,"
-83.264527,42.44417,"Sam's Club; #6454,  Gas,","22500 W 8 Mile Rd,Southfield,MI,48034,(248) 354-1108,"
-119.160303,34.223676,"Sam's Club; #6455, ","2401 N RoSE Ave; Hwy 101 Exit 61,Oxnard,CA,93036,(805) 983-2442,"
-73.484934,44.692879,"Sam's Club; #6456, ","7 Consumer Square,Plattsburgh,NY,12901,(518) 566-7769,"
-81.712685,38.3221,"Sam's Club; #6457, ","2500 Mountaineer Blvd,South Charleston,WV,25309,(304) 746-1700,"
-79.186351,37.351631,"Sam's Club; #6458,  Gas,","3912 Wards Rd,Lynchburg,VA,24502,(434) 237-5234,"
-78.40746,40.455437,"Sam's Club; #6460,  Gas,","2500 Plank Rd Commons,Altoona,PA,16601,(814) 949-8950,"
-98.385777,40.934493,"Sam's Club; #6461,  Gas,","1510 N Diers Ave,Grand Island,NE,68803,(308) 384-0622,"
-69.787884,44.342505,"Sam's Club; #6462, ","45 Marketplace Dr; I-95 Exit 112,Augusta,ME,04330,(207) 623-2757,"
-82.676694,34.555816,"Sam's Club; #6463, ","3812 Liberty Hwy. Suite 6,Anderson,SC,29621,(864) 261-7609,"
-87.922383,42.021834,"Sam's Club; #6464,  Gas,","101 W Oakton St.,Des Plaines,IL,60018,(847) 296-5050,"
-96.994358,28.880165,"Sam's Club; #6471,  Gas,","9202 N Navarro St,Victoria,TX,77904,(361) 572-0043,"
-95.845236,41.226068,"Sam's Club; #6472,  Gas,","3221 Manawa Centre Dr; I-80 Exit 3,Council Bluffs,IA,51501,(712) 366-0130,"
-90.332098,38.619949,"Sam's Club; #6474,  Gas,","2100 Maplewood Commons Dr; I-64 Exit 32,Maplewood,MO,63143,(314) 644-7791,"
-89.584986,37.299148,"Sam's Club; #6479, ","232 Shirley; I-55 Exit 96,Cape Girardeau,MO,63701,(573) 334-8484,"
-96.686075,32.793748,"Sam's Club; #6482,  Gas,","5555 S Buckner Blvd; I-30 Exit 52,Dallas,TX,75228,(214) 320-2839,"
-87.796047,41.597997,"Sam's Club; #6485, ","16100 Harlem AvE ,Tinley Park,IL,60477,(708) 429-6069,"
-88.034763,41.947057,"Sam's Club; #6487, ","1006 Rohlwing Rd; I-355 Exit 31,Addison,IL,60101,(630) 932-7770,"
-88.032876,41.754657,"Sam's Club; #6488,  Gas,","7300 Woodward AvE ; I-355 Exit 16,Woodridge,IL,60517,(630) 663-9600,"
-87.556137,41.574789,"Sam's Club; #6489, ","603 River Oaks W,Calumet City,IL,60409,(708) 832-1794,"
-86.441436,35.847822,"Sam's Club; #6501,  Gas,","125 John R Rice Blvd,Murfreesboro,TN,37129,(615) 895-4246,"
-106.386825,31.777612,"Sam's Club; #6502,  Gas,","7001 Gateway Blvd W; I-10 Exit 25,El Paso,TX,79925,(915) 771-0004,"
-89.378905,31.319867,"Sam's Club; #6503,  Gas,","6080 U S Hwy 98,Hattiesburg,MS,39402,(601) 977-0139,"
-92.223517,38.577015,"Sam's Club; #6505,  Gas,","849 Stoneridge Pkwy,Jefferson City,MO,65109,(573) 469-0906,"
-84.210259,31.617199,"Sam's Club; #6506,  Gas/Diesel,","1201 N Westover Blvd,Albany,GA,31707,(229) 888-3400,"
-88.852654,35.666511,"Sam's Club; #6507,  Gas,","2120 Emporium Dr; I-40 Exit 80,Jackson,TN,38305,(731) 668-6958,"
-85.230715,34.273211,"Sam's Club; #6509, ","2550 Redmond Cir NW,Rome,GA,30165,(706) 236-9765,"
-93.952785,44.165392,"Sam's Club; #6510,  Gas,","1831 E Madison Ave,Mankato,MN,56001,(507) 386-7600,"
-87.277142,36.602485,"Sam's Club; #6512,  Gas,","3315 Guthrie Hwy; I-24 Exit 4,Clarksville,TN,37040,(931) 552-0733,"
-92.352741,42.455084,"Sam's Club; #6514, ","210 E Tower Park Dr,Waterloo,IA,50701,(319) 236-9933,"
-84.057502,39.771938,"Sam's Club; #6517, ","3446 Pentagon Blvd; I-675 Exit 17,Beavercreek,OH,45431,(937) 426-1511,"
-82.126393,36.635596,"Sam's Club; #6518,  Gas/Diesel,","13249 Lee Hwy; I-81 Exit 7,Bristol,VA,24202,(276) 466-7390,"
-80.444911,27.637073,"Sam's Club; #6520,  Gas/Diesel,","5565 20th St,Vero Beach,FL,32966,(772) 978-9385,"
-90.760647,29.632997,"Sam's Club; #6521,  Gas,","2174 Martin Luther King Blvd,Houma,LA,70360,(985) 851-3631,"
-77.389901,37.2505,"Sam's Club; #6524,  Gas,","735 S Park Blvd; I-95 Exit 53,Colonial Heights,VA,23834,(804) 520-0508,"
-79.27984,42.098849,"Sam's Club; #6526, ","720 Fairmount Ave,Jamestown,NY,14701,(716) 483-1508,"
-91.063931,30.376459,"Sam's Club; #6527,  Gas,","10444 Mall Dr,Baton Rouge,LA,70809,(225) 295-1353,"
-84.266154,39.092287,"Sam's Club; #6528,  Gas,","815 Clepper Ln,Cincinnati,OH,45245,(513) 753-4865,"
-77.806265,40.833862,"Sam's Club; #6533, ","381 Benner Pike,State College,PA,16801,(814) 235-9404,"
-89.653964,44.920315,"Sam's Club; #6535,  Gas/Diesel,","4000 Rib Mountain Dr.,Wausau,WI,54401,(715) 359-0044,"
-75.436253,40.638924,"Sam's Club; #6536,  Gas/Diesel,","901 Airport Center Dr,Allentown,PA,18109,(610) 266-5201,"
-75.961438,43.976024,"Sam's Club; #6539, ","21341 Sams Dr,Watertown,NY,13601,(315) 786-8602,"
-80.753545,35.314005,"Sam's Club; #6540, ","8909 J W Clay Blvd; I-85 Exit 45,Charlotte,NC,28262,(704) 593-0227,"
-74.679897,40.301848,"Sam's Club; #6541, ","301 Nassau Park Blvd; I-295 Exit 67,Princeton,NJ,08543,(609) 452-5959,"
-84.296027,39.290535,"Sam's Club; #6544,  Gas,","9570 Fields Ertel Rd,Loveland,OH,45140,(513) 677-5020,"
-76.82118,41.240313,"Sam's Club; #6547,  Gas,","611 Lycoming Mall Cir,Muncy,PA,17756,(570) 546-6699,"
-104.614096,38.318617,"Sam's Club; #6549,  Gas,","412 Eagleridge Blvd; I-25 Exit 102,Pueblo,CO,81008,(719) 584-3028,"
-80.877983,40.074371,"Sam's Club; #6556, ","50555 Valley Plaza Dr,St Clairsville,OH,43950,(740) 695-0198,"
-75.631245,40.021839,"Sam's Club; #6558, ","280 Indian Run St,Exton,PA,19341,(484) 875-0469,"
-86.202353,43.202759,"Sam's Club; #6562,  Gas,","1707 E Sherman Blvd,Muskegon,MI,49445,(231) 733-2575,"
-103.19456,44.10188,"Sam's Club; #6565,  Gas,","925 Elgin St: I-90 Exit 59,Rapid City,SD,57701,(605) 877-3051,"
-75.283223,40.719234,"Sam's Club; #6567, ","3796 Easton Nazareth Hwy,Easton,PA,18045,(610) 923-7350,"
-93.613354,42.002007,"Sam's Club; #6568,  Gas,","305 Airport Rd,Ames,IA,50010,(515) 233-9750,"
-81.249726,37.240929,"Sam's Club; #6569,  Gas,","601 Commerce Dr,Bluefield,VA,24605,(276) 326-1583,"
-78.584529,35.846754,"Sam's Club; #6570, ","3001 Calvary Dr,Raleigh,NC,27640,(919) 874-0112,"
-79.823616,34.191643,"Sam's Club; #6571,  Gas/Diesel,","200 Beltline Dr,Florence,SC,29501,(843) 662-2769,"
-83.872271,36.031891,"Sam's Club; #6572, ","2920 Knoxville Center; I-640 Exit 8,Knoxville,TN,37924,(865) 637-2582,"
-77.397008,34.783649,"Sam's Club; #6573,  Gas/Diesel,","1170 Western Blvd,Jacksonville,NC,28546,(910) 346-2148,"
-80.176914,40.449965,"Sam's Club; #6575,  Gas,","249 Summit Park Dr: I-376 Exit 60,Pittsburgh,PA,15275,(412) 494-4140,"
-75.645666,41.453506,"Sam's Club; #6581,  Gas,","921 Viewmont Dr; I-81 Exit 190,Dickson City,PA,18519,(570) 347-4847,"
-80.853749,32.258244,"Sam's Club; #6582, Gas,","14 Bluffton Rd,Bluffton,SC,29910,(843) 837-1993,"
-149.860557,61.140814,"Sam's Club; #6601, ","8801 Old Seward Hwy,Anchorage,AK,99515,(907) 522-2333,"
-149.738148,61.230495,"Sam's Club; #6602,  Gas,","1074 N Muldoon Rd,Anchorage,AK,99504,(907) 276-2996,"
-147.707913,64.851952,"Sam's Club; #6603,  Gas,","48 College Rd,Fairbanks,AK,99701,(907) 451-4800,"
-111.629327,35.19012,"Sam's Club; #6604,  Gas/Diesel,","1851 E Butler Ave; I-40 Exit 198,Flagstaff,AZ,86001,(928) 774-9444,"
-111.788477,33.372563,"Sam's Club; #6605,  Gas,","1225 N Gilbert Rd,Gilbert,AZ,85234,(480) 926-9006,"
-112.238891,33.466367,"Sam's Club; #6606,  Gas,","8340 W Mcdowell Rd; I-10 Exit 135,Phoenix,AZ,85037,(623) 936-8528,"
-112.092019,33.638918,"Sam's Club; #6608,  Gas/Diesel,","1525 W Bell Rd; I-17 Exit 212,Phoenix,AZ,85023,(602) 439-9852,"
-116.385383,33.800065,"Sam's Club; #6609,  Gas/Diesel,","34220 Monterey Ave,Palm Desert,CA,92260,(760) 321-6655,"
-117.686016,34.032024,"Sam's Club; #6610,  Gas,","3951 Grand Ave,Chino,CA,91710,(909) 548-6173,"
-117.914484,33.995935,"Sam's Club; #6611, ","17835 E Gale Ave,City Of Industry,CA,91714,(626) 912-2010,"
-122.054364,37.981613,"Sam's Club; #6612, ","1225 Concord Ave; I-680 Exit 40,Concord,CA,94520,(909) 371-7220,"
-118.083486,33.827162,"Sam's Club; #6613,  Gas,","7480 Carson Blvd; I-605 Exit 3,Long Beach,CA,90808,(562) 425-0662,"
-118.027997,34.09321,"Sam's Club; #6614,  Gas/Diesel,","4901 Santa Anita Ave,El Monte,CA,91731,(626) 575-0973,"
-117.955677,33.714348,"Sam's Club; #6615,  Gas/Diesel,","17099 Brookhurst St; I-405 Exit 13,Fountain Valley,CA,92708,(714) 968-9782,"
-117.88247,33.865345,"Sam's Club; #6616, ","603 S Placentia Ave,Fullerton,CA,92831,(714) 738-1251,"
-118.297248,33.87387,"Sam's Club; #6617, ","1399 Artesia Blvd; I-405 Exit 38,Gardena,CA,90247,(310) 532-0779,"
-117.559903,34.073622,"Sam's Club; #6619,  Gas,","951 N Milliken; I-10 Exit 57,Ontario,CA,91761,(909) 476-9259,"
-121.118978,38.644945,"Sam's Club; #6620,  Gas,","2495 Iron Point Rd #11,Folsom,CA,95630,(916) 817-8965,"
-121.288873,38.786282,"Sam's Club; #6621,  Gas,","904 Pleasant Grove Blvd,Roseville,CA,95678,(916) 781-8160,"
-121.40709,38.457764,"Sam's Club; #6622,  Gas/Diesel,","8250 Power Inn Rd,Sacramento,CA,95828,(916) 688-2126,"
-121.385624,38.607584,"Sam's Club; #6623, ","3360 El Camino Ave,Sacramento,CA,95821,(916) 487-8242,"
-117.263311,34.065899,"Sam's Club; #6624,  Gas,","1055 E Harriman Pl,San Bernardino,CA,92408,(909) 796-1505,"
-118.416829,34.293694,"Sam's Club; #6625, ","12920 Foothill Blvd,San Fernando,CA,91340,(818) 365-7710,"
-118.162873,33.949903,"Sam's Club; #6626, ","5871 Firestone Blvd; I-710 Exit 18,South Gate,CA,90280,(562) 806-4725,"
-117.991334,33.780248,"Sam's Club; #6627, ","12540 Beach Blvd,Stanton,CA,90680,(714) 898-9891,"
-118.332223,33.804522,"Sam's Club; #6628, ","2601 Skypark Dr,Torrance,CA,90505,(310) 534-0134,"
-105.078378,39.789865,"Sam's Club; #6630, ","7370 W 52nd Ave; I-70 Exit 269,Arvada,CO,80002,(303) 420-8401,"
-104.827821,39.700418,"Sam's Club; #6631,  Gas,","880 S Abilene St; I-225 Exit 7,Aurora,CO,80012,(303) 695-1812,"
-104.989072,39.707746,"Sam's Club; #6632, ","505 S BRdway; I-25 Exit 207,Denver,CO,80209,(303) 722-2152,"
-105.06411,40.521762,"Sam's Club; #6633, ","4700 Boardwalk Dr,Fort Collins,CO,80525,(970) 669-4844,"
-104.901611,39.562401,"Sam's Club; #6634,  Gas/Diesel,","7817 Park Meadows Dr,Lone Tree,CO,80124,(303) 799-3905,"
-105.089351,39.629877,"Sam's Club; #6635, ","4827 S Wadsworth,Littleton,CO,80123,(303) 971-0494,"
-72.731598,41.651586,"Sam's Club; #6636,  Gas/Diesel,","3456 Berlin Turnpike,Newington,CT,06111,(860) 667-8809,"
-80.25556,26.243506,"Sam's Club; #6637, ","950 N University Dr,Coral Springs,FL,33071,(954) 345-3433,"
-82.507275,27.890186,"Sam's Club; #6642, ","5135 S Dale Mabry Ave,Tampa,FL,33611,(813) 805-6602,"
-84.312152,33.842422,"Sam's Club; #6643,  Gas/Diesel,","2901 Clairmont Rd; I-85 Exit 91,Atlanta,GA,30329,(404) 325-4000,"
-83.8732,34.230677,"Sam's Club; #6644,  Gas/Diesel,","3839 Mundy Mill Rd; I-985 Exit 16,Oakwood,GA,30566,(770) 532-8884,"
-84.314897,34.041921,"Sam's Club; #6646,  Gas,","10600 Davis Dr,Alpharetta,GA,30004,(770) 992-4568,"
-71.789916,42.232959,"Sam's Club; #6649, ","1 Tobias Boland Way,Worcester,MA,01607,(508) 852-7717,"
-76.488007,39.336103,"Sam's Club; #6650,  Gas,","6410 Petrie Way; I-695 Exit 35,Baltimore,MD,21237,(410) 686-2683,"
-76.733157,39.288596,"Sam's Club; #6651,  Gas,","5702 Baltimore National Pike; I-695 Exit 15,Cantonsville,MD,21228,(410) 744-7174,"
-77.410991,39.38613,"Sam's Club; #6652, ","5604 Buckeystone Pk; I-270 Exit 31,Frederick,MD,21704,(301) 698-1692,"
-77.212899,39.15083,"Sam's Club; #6653, ","610 N Frederick Ave; I-270 Exit 11,Gaithersburg,MD,20877,(301) 216-2550,"
-76.889823,38.647737,"Sam's Club; #6655,  Gas/Diesel,","2365 Crain Hwy,Waldorf,MD,20601,(301) 645-7711,"
-83.533509,42.491763,"Sam's Club; #6657,  Gas,","27300 Waxom Ave; I-96 Exit 159,Novi,MI,48375,(248) 349-3057,"
-84.46085,42.267183,"Sam's Club; #6658,  Gas,","3600 Oneil Dr; I-94 Exit 137,Jackson,MI,49202,(517) 788-6075,"
-83.105036,42.521683,"Sam's Club; #6659,  Gas,","31020 John R Rd; I-75 Exit 65,Madison Heights,MI,48071,(248) 589-1208,"
-82.459409,42.968654,"Sam's Club; #6660,  Gas,","1237 32nd St; I-69 Exit 199,Port Huron,MI,48060,(810) 984-5355,"
-85.586961,42.214469,"Sam's Club; #6661, ","7021 S Westnedge Ave; I-94 Exit 76,Portage,MI,49002,(269) 327-0534,"
-82.913852,42.529867,"Sam's Club; #6662,  Gas,","31720 Gratiot Ave; I-94 Exit 231,Roseville,MI,48066,(586) 415-9986,"
-83.971094,43.489065,"Sam's Club; #6663,  Gas,","5656 Bay Rd,Saginaw,MI,48604,(989) 790-0954,"
-83.008595,42.630387,"Sam's Club; #6664,  Gas,","45600 Utica Park Blvd,Utica,MI,48315,(586) 726-9800,"
-83.432581,42.324625,"Sam's Club; #6666, ","39800 Ford Rd; I-275 Exit 25,Canton,MI,48187,(734) 981-4460,"
-83.681767,42.208863,"Sam's Club; #6667,  Gas,","5450 Carpenter Rd,Ypsilanti,MI,48197,(734) 434-1326,"
-78.84387,35.86593,"Sam's Club; #6668,  Gas/Diesel,","1101 Shiloh Glen Dr; I-40 Exit 283,Morrisville,NC,27560,(919) 474-5440,"
-71.442447,42.959279,"Sam's Club; #6669, ","200 John E Devine Dr,Manchester,NH,03103,(603) 641-9220,"
-75.090849,39.839097,"Sam's Club; #6670,  Gas/Diesel,","2000 Clements Bridge Rd,Deptford,NJ,08096,(856) 853-0219,"
-74.293123,40.241411,"Sam's Club; #6671, ","320 W Main St,Freehold,NJ,07728,(732) 780-3943,"
-106.531803,35.077803,"Sam's Club; #6672,  Gas,","300 Eubank Blvd Ne; I-40 Exit 165,Albuquerque,NM,87123,(505) 298-5308,"
-78.751312,42.915243,"Sam's Club; #6673, ","3735 Union Rd; I-90 Exit 52,Cheektowaga,NY,14225,(716) 681-5195,"
-73.817229,41.072228,"Sam's Club; #6674, ","333 Saw Mill River Rd,Elmsford,NY,10523,(914) 592-0023,"
-80.09233,42.051217,"Sam's Club; #6675,  Gas/Diesel,","7200 Peach St; I-90 Exit 24,Erie,PA,16509,(814) 866-1074,"
-75.140932,40.157051,"Sam's Club; #6676,  Gas,","3925 Welsh Rd,Willow Grove,PA,19090,(215) 657-1837,"
-79.800314,40.434774,"Sam's Club; #6677,  Gas,","3621 William Penn Hwy,Monroeville,PA,15146,(412) 856-7162,"
-80.066802,40.535075,"Sam's Club; #6678,  Gas/Diesel,","289 Mt Nebo Pt Dr; I-279 Exit 8,Pittsburgh,PA,15237,(412) 364-1572,"
-79.949344,40.344642,"Sam's Club; #6679,  Gas,","2251 Century Dr,West Mifflin,PA,15122,(412) 653-8622,"
-111.983168,41.071344,"Sam's Club; #6682,  Gas,","1055 W Hill Field Rd; I-15 Exit 331,Layton,UT,84041,(801) 546-5206,"
-111.887568,40.630301,"Sam's Club; #6683,  Gas,","6525 S State St; I-215 Exit 11,Murray,UT,84107,(801) 262-6444,"
-112.001947,41.173703,"Sam's Club; #6684,  Gas,","4949 S 900 W; I-84 Exit 81,Riverdale,UT,84405,(801) 612-3465,"
-111.657955,40.216585,"Sam's Club; #6685,  Gas,","1313 S University Ave; I-15 Exit 263,Provo,UT,84601,(801) 374-9700,"
-111.898658,40.728657,"Sam's Club; #6686,  Gas/Diesel,","1905 S 300; I-15 Exit 305,Salt Lake City,UT,84115,(801) 974-0202,"
-122.343294,47.727554,"Sam's Club; #6687,  Gas,","13550 Aurora Ave N,Seattle,WA,98133,(206) 362-6700,"
-122.246533,47.300934,"Sam's Club; #6688,  Gas/Diesel,","1101 Supermall Way Ste 1275,Auburn,WA,98001,(253) 333-1026,"
-110.972101,32.292471,"Sam's Club; #6692,  Gas,","4701 N Stone Ave,Tucson,AZ,85704,(520) 292-9789,"
-74.886554,40.173442,"Sam's Club; #6693, ","1717 E Lincoln Hwy,Langhorne,PA,19047,(215) 949-6501,"
-97.486822,35.322313,"Sam's Club; #6779,  Gas,","1705 S Broadway Ave; I-35 Exit 116,Moore,OK,73160,(405) 300-6027,"
-97.255574,32.933518,"Sam's Club; #6781, Gas,","201 Golden Triangle Blvd,Keller,TX,76248,(817) 898-6174,"
-95.768077,29.692105,"Sam's Club; #6867,  Gas,","22402 Bellaire Blvd,Richmond,TX,77407,(281) 202-0337,"
-78.539228,35.956922,"Sam's Club; #6976,  Gas/Diesel,","11460 Royal Cotton Rd,Wake Forest,NC,32587,(919) 263-6134,"
-93.580707,41.693857,"Sam's Club; #6979,  Gas,","4625 SE Delaware Ave: I-35 Exit 89/90,Ankeny,IA,50021,(515) 559-1747,"
-97.566021,35.513145,"Sam's Club; #7189,  Gas,","4101 N May Ave; I-44 Exit 124,Oklahoma City,OK,73112,(405) 200-0381,"
-81.495763,31.231709,"Sam's Club; #7658, Gas,","10100 Canal Crossing,Brunswick,GA,31525,(912) 602-6815,"
-101.943046,35.180414,"Sam's Club; #7676,  Gas,","8952 Westgate Pkwy W; I-40 Exit 64,Amarillo,TX,79124,(806) 513-6495,"
-88.123167,30.678167,"Sam's Club; #8102,  Gas,","601 E; I-65 Service Rd S; I-65 Exit 3,Mobile,AL,36606,(251) 479-1346,"
-92.40927,34.74675,"Sam's Club; #8104,  Gas,","900 S Bowman Rd; I-430 Exit 8,Little Rock,AR,72211,(501) 227-7119,"
-86.214737,32.465771,"Sam's Club; #8106,  Gas,","1080 Eastern Blvd; I-85 Exit 6,Montgomery,AL,36117,(334) 272-0277,"
-86.571387,34.642811,"Sam's Club; #8107,  Gas,","2235 National Blvd,Huntsville,AL,35810,(256) 881-8186,"
-85.53536,38.22164,"Sam's Club; #8111,  Gas,","1401 Alliant Ave; I-64 Exit 17,Jeffersontown,KY,40299,(502) 267-0432,"
-85.189861,35.029659,"Sam's Club; #8112,  Gas,","6101 Lee Hwy; I-75 Exit 4,Chattanooga,TN,37421,(423) 954-1746,"
-92.076837,30.183957,"Sam's Club; #8114,  Gas,","3222 Ambassador Caffery Pkwy,Lafayette,LA,70506,(337) 216-0633,"
-82.085438,33.500162,"Sam's Club; #8115,  Gas/Diesel,","596 Bobby Jones Expy; I-20 Exit 196,Augusta,GA,30907,(706) 863-7846,"
-81.539856,30.285097,"Sam's Club; #8116,  Gas,","10690 Beach Blvd,Jacksonville,FL,32246,(904) 928-0017,"
-97.546755,35.606742,"Sam's Club; #8117,  Gas,","1900 W Memorial Rd,Oklahoma City,OK,73134,(405) 748-7109,"
-87.214121,30.482857,"Sam's Club; #8119,  Gas,","1250 Airport Blvd,Pensacola,FL,32504,(850) 484-7508,"
-84.224444,30.431457,"Sam's Club; #8120,  Gas,","3122 Dick Wilson Blvd,Tallahassee,FL,32301,(850) 671-5959,"
-87.470251,37.981397,"Sam's Club; #8123,  Gas,","6770 E Virginia St; I-164 Exit 7,Evansville,IN,47715,(812) 473-2518,"
-90.282639,38.764907,"Sam's Club; #8125,  Gas,","10735 W Florissant; I-270 Exit 29,Ferguson,MO,63136,(314) 521-3800,"
-97.518417,25.976195,"Sam's Club; #8126,  Gas,","3570 W Alton Gloor Blvd,Brownsville,TX,78520,(956) 350-6917,"
-89.655241,40.774856,"Sam's Club; #8128, ","4100 W Willow Knoll Dr.,Peoria,IL,61615,(309) 691-4545,"
-77.877353,34.234075,"Sam's Club; #8129,  Gas/Diesel,","412 S College Rd,Wilmington,NC,28403,(910) 392-2995,"
-81.874133,26.585364,"Sam's Club; #8130,  Gas,","5170 S Cleveland Ave,Fort Myers,FL,33907,(239) 939-2442,"
-84.429735,39.162152,"Sam's Club; #8131,  Gas,","4825 Marburg Ave Unit C; I-71 Exit 8,Cincinnati,OH,45209,(513) 631-4732,"
-84.457445,39.288586,"Sam's Club; #8132, ","800 Kemper Commons Cir; I-275 Exit 42,Springdale,OH,45246,(513) 671-2016,"
-84.638137,39.016024,"Sam's Club; #8133, ","4949 Houston Rd; I-71 Exit 182,Florence,KY,41042,(859) 283-5515,"
-94.348101,35.349821,"Sam's Club; #8134,  Gas,","7700 Rogers Ave,Fort Smith,AR,72903,(479) 484-5454,"
-87.413648,39.41471,"Sam's Club; #8135,  Gas,","4350 S Hwy 41,Terre Haute,IN,47802,(812) 235-5660,"
-84.189859,39.629269,"Sam's Club; #8136,  Gas/Diesel,","1111 Miamisburg Centerville Rd; I-675 Exit 2,Dayton,OH,45459,(937) 436-0299,"
-84.546727,42.66207,"Sam's Club; #8137,  Gas,","340 E Edgewood Blvd,Lansing,MI,48911,(517) 887-1052,"
-81.032591,29.172435,"Sam's Club; #8138,  Gas,","1175 Bevill Rd,Daytona Beach,FL,32119,(386) 760-3330,"
-83.695424,41.61709,"Sam's Club; #8139,  Gas,","1300 E Mall Dr; I-475 Exit 8,Toledo,OH,43528,(419) 866-8366,"
-80.067362,26.570212,"Sam's Club; #8140, ","7233 Seacrest Blvd,Lantana,FL,33462,(561) 586-9260,"
-80.696228,28.077927,"Sam's Club; #8141,  Gas,","4255 W New Haven Ave; I-95 Exit 180,Melbourne,FL,32904,(321) 768-8190,"
-81.997331,34.934399,"Sam's Club; #8142,  Gas,","200 Peachwood Centre Dr; I-26 Exit 21,Spartanburg,SC,29301,(864) 574-3480,"
-88.203115,41.756681,"Sam's Club; #8143,  Gas,","808 S Rt. 59,Naperville,IL,60540,(630) 527-0880,"
-74.543795,39.393457,"Sam's Club; #8144,  Gas,","1025 Black HorSE Pike,Pleasantville,NJ,08232,(609) 452-2277,"
-74.978032,40.007184,"Sam's Club; #8145,  Gas,","2521 Rt 130 S,Cinnaminson,NJ,08077,(856) 303-2192,"
-96.117611,41.213912,"Sam's Club; #8146,  Gas,","13130 L St,Omaha,NE,68157,(402) 334-1526,"
-105.060714,40.406414,"Sam's Club; #8147,  Gas,","1200 E Eisenhower Blvd,Loveland,CO,80537,(970) 669-6100,"
-88.146892,42.014642,"Sam's Club; #8148,  Gas,","900 S Barrington Rd,Streamwood,IL,60107,(630) 213-8622,"
-88.092874,44.526057,"Sam's Club; #8149, ","2470 W Mason,Green Bay,WI,54303,(920) 497-2112,"
-80.2838,27.266607,"Sam's Club; #8150,  Gas/Diesel,","10900 S Us #1,Port St. Lucie,FL,34952,(772) 335-3225,"
-85.688706,30.188762,"Sam's Club; #8151,  Gas/Diesel,","1707 W 23rd St,Panama City,FL,32405,(850) 769-2222,"
-82.523251,38.411931,"Sam's Club; #8152,  Gas,","432 Private Dr. 288,South Point,OH,45680,(740) 894-3296,"
-106.575302,31.842486,"Sam's Club; #8153,  Gas,","7970 N Mesa; I-10 Exit 11,El Paso,TX,79932,(915) 585-2433,"
-87.735298,41.500283,"Sam's Club; #8154,  Gas,","21430 S Cicero AvE ; I-57 Exit 340,Matteson,IL,60443,(708) 747-7979,"
-82.38376,29.624483,"Sam's Club; #8155,  Gas,","4001 SW 30th Place; I-75 Exit 384,Gainesville,FL,32609,(352) 375-8853,"
-99.508763,27.543405,"Sam's Club; #8156,  Gas,","4810 San Bernardo Ave; I-35 Exit 2,Laredo,TX,78041,(956) 725-5300,"
-80.105189,26.761813,"Sam's Club; #8157,  Gas,","4295 45th St,West Palm Beach,FL,33407,(561) 687-0098,"
-84.519828,34.088183,"Sam's Club; #8158,  Gas,","9464 Main St; I-575 Exit 7,Woodstock,GA,30188,(678) 402-0541,"
-75.925001,40.413542,"Sam's Club; #8160,  Gas,","5314 Allentown Pike,Reading,PA,19560,(610) 929-4321,"
-76.672475,39.978528,"Sam's Club; #8161,  Gas,","2801 E Market St,York,PA,17402,(717) 840-0111,"
-91.679766,42.032766,"Sam's Club; #8162,  Gas,","2605 Blairs Ferry Rd Ne; I-380 Exit 24,Cedar Rapids,IA,52402,(319) 393-7746,"
-92.295397,38.951639,"Sam's Club; #8163, ","101 Conley Rd,Columbia,MO,65201,(573) 875-2979,"
-88.184812,43.03829,"Sam's Club; #8164, ","600 N Springdale Rd,Waukesha,WI,53186,(262) 798-1490,"
-96.772462,43.518844,"Sam's Club; #8165,  Gas,","3201 S LouiSE Ave; I-29 Exit 79,Sioux Falls,SD,57106,(605) 362-0119,"
-84.137276,33.950936,"Sam's Club; #8166, ","3450 Steve Reynolds Blvd; I-85 Exit 103,Duluth,GA,30096,(770) 497-1165,"
-87.954031,42.923987,"Sam's Club; #8167, ","6705 S 27th St,Franklin,WI,53132,(414) 761-0088,"
-86.040139,39.925147,"Sam's Club; #8168,  Gas,","7235 E 96th St,Indianapolis,IN,46250,(317) 585-1619,"
-86.837663,40.414101,"Sam's Club; #8169,  Gas,","3819 State Rd 26 E,Lafayette,IN,47905,(765) 449-4309,"
-85.898253,41.618827,"Sam's Club; #8170, ","4024 Elkhart Rd. SuitE 1,Goshen,IN,46526,(574) 875-7099,"
-76.098127,43.055807,"Sam's Club; #8171,  Gas,","2649 Erie Blvd E,Syracuse,NY,13224,(315) 449-9233,"
-96.867607,46.863708,"Sam's Club; #8172,  Gas/Diesel,","4831 13th Ave S; I-94 Exit 348,Fargo,ND,58103,(701) 282-7997,"
-80.248975,25.992251,"Sam's Club; #8173, ","1900 S University Dr,Miramar,FL,33025,(954) 433-8867,"
-87.298322,41.472962,"Sam's Club; #8174,  Gas,","3134 E 79th Ave; I-65 Exit 253,Merrillville,IN,46410,(219) 942-3711,"
-76.769913,40.261432,"Sam's Club; #8175,  Gas,","6781 Grayson Rd,Harrisburg,PA,17111,(717) 558-4200,"
-95.763279,39.041539,"Sam's Club; #8176,  Gas,","1401 Sw Wanamaker Rd; I-470 Exit 1,Topeka,KS,66604,(785) 273-5181,"
-115.102035,36.097143,"Sam's Club; #8177, ","5101 S Pecos Rd,Las Vegas,NV,89120,(702) 456-5596,"
-77.73,43.21578,"Sam's Club; #8178, ","700 Elm Ridge Center,Greece,NY,14626,(585) 225-3180,"
-77.622581,43.079721,"Sam's Club; #8179,  Gas,","1600 Marketplace Dr; I-390 Exit 13,Henrietta,NY,14623,(585) 427-8880,"
-88.968948,37.739957,"Sam's Club; #8180,  Gas,","2709 Walton Way; I-57 Exit 54,Marion,IL,62959,(618) 993-5568,"
-92.457311,31.272655,"Sam's Club; #8181,  Gas,","3805 N Blvd,Alexandria,LA,71301,(318) 442-9730,"
-90.470878,38.599443,"Sam's Club; #8182,  Gas,","13455 Manchester Rd,St Louis,MO,63131,(314) 822-7200,"
-94.213974,45.587427,"Sam's Club; #8183,  Gas/Diesel,","207 County Rd 120,Saint Cloud,MN,56303,(320) 253-8882,"
-87.965676,42.386712,"Sam's Club; #8184, ","6570 Grand Ave; I-94 Exit 69,Gurnee,IL,60031,(847) 855-1130,"
-91.427442,44.774733,"Sam's Club; #8185, ","4001 Gateway Dr; I-94 Exit 70,Eau Claire,WI,54701,(715) 836-9585,"
-70.350636,43.622788,"Sam's Club; #8186,  Gas,","440 Payne Rd,Scarborough,ME,04074,(207) 883-5553,"
-84.451447,38.037036,"Sam's Club; #8188,  Gas,","1063 E New Circle Rd,Lexington,KY,40505,(859) 253-2885,"
-80.280136,39.27602,"Sam's Club; #8189,  Gas,","200 Emily Dr; I-79 Exit 119,Clarksburg,WV,26301,(304) 623-6410,"
-95.038575,29.404528,"Sam's Club; #8190,  Gas,","6614 Gulf Fwy; I-45 Exit 15/16,La Marque,TX,77568,(409) 986-9100,"
-75.863822,41.234021,"Sam's Club; #8191,  Gas,","441 Wilkes Barre Twnsp Blvd,Wilkes Barre,PA,18702,(570) 821-5500,"
-85.427009,31.244343,"Sam's Club; #8192,  Gas,","3440 Ross Clark Crl NW,Dothan,AL,36303,(334) 671-5005,"
-77.764798,39.631321,"Sam's Club; #8193,  Gas,","1700 Wesel Blvd; I-81 Exit 5,Hagerstown,MD,21740,(301) 714-0096,"
-83.486526,33.93871,"Sam's Club; #8194,  Gas,","4365 Atlanta Hwy,Bogart,GA,30622,(706) 548-3666,"
-72.549813,41.804673,"Sam's Club; #8195, ","69 Pavilions Dr; I-84 Exit 62,Manchester,CT,06040,(860) 644-5593,"
-87.633309,34.840258,"Sam's Club; #8196, ","364 Cox Creek Pkwy,Florence,AL,35630,(256) 767-9960,"
-88.263126,40.138804,"Sam's Club; #8197,  Gas,","915 W Marketview Dr.; I-74 Exit 181,Champaign,IL,61821,(217) 355-2223,"
-87.951529,42.151567,"Sam's Club; #8198, ","1055 Mchenry Rd.,Wheeling,IL,60090,(847) 541-9040,"
-82.527392,27.446178,"Sam's Club; #8201,  Gas,","5300 30th St E,Bradenton,FL,34203,(941) 739-2130,"
-81.080597,31.986884,"Sam's Club; #8202,  Gas/Diesel,","1975 E Montgomery Cross,Savannah,GA,31406,(912) 352-3330,"
-84.521011,33.948914,"Sam's Club; #8203,  Gas,","150 Cobb Pkwy S; I-75 Exit 263,Marietta,GA,30060,(770) 423-7018,"
-91.096958,30.458341,"Sam's Club; #8204,  Gas,","9598 Cortana Pl,Baton Rouge,LA,70814,(225) 929-9892,"
-90.33588,38.49735,"Sam's Club; #8205,  Gas,","4512 Lemay Ferry Rd,St Louis,MO,63129,(314) 892-9620,"
-94.578831,39.186771,"Sam's Club; #8207,  Gas/Diesel,","5110 N Oak Trafficway; I-29 Exit 1,Kansas City,MO,64118,(816) 452-0005,"
-94.726728,38.958604,"Sam's Club; #8208,  Gas/Diesel,","12200 W 95th St; I-35 Exit 224,Lenexa,KS,66215,(913) 894-0084,"
-94.182382,36.108134,"Sam's Club; #8209,  Gas/Diesel,","3081 N Hwy 112; I-540 Exit 66,Fayetteville,AR,72704,(479) 587-1840,"
-97.317815,32.554516,"Sam's Club; #8210, ","600 N Burleson Blvd; I-35W Exit 38,Burleson,TX,76028,(817) 569-6130,"
-84.756926,33.730626,"Sam's Club; #8211, ","6995 ConcourSE Pkwy; I-20 Exit 34,Douglasville,GA,30134,(770) 489-6167,"
-86.692638,33.533158,"Sam's Club; #8212,  Gas/Diesel,","3900 Grants Mill Rd; I-20 Exit 133,Irondale,AL,35210,(205) 956-3987,"
-84.947796,32.541855,"Sam's Club; #8213,  Gas/Diesel,","5448 A Whittlesey Blvd,Columbus,GA,31909,(706) 649-6799,"
-81.336849,28.65615,"Sam's Club; #8214,  Gas/Diesel,","355 E Semoran Blvd,Fern Park,FL,32730,(407) 260-8109,"
-89.707337,39.772001,"Sam's Club; #8215,  Gas,","2300 White Oaks Dr.,Springfield,IL,62704,(217) 787-4070,"
-95.410959,29.676681,"Sam's Club; #8217,  Gas,","1615 S Loop W,Houston,TX,77054,(713) 796-8599,"
-78.955148,35.085323,"Sam's Club; #8218,  Gas,","1450 Skibo Rd,Fayetteville,NC,28303,(910) 864-7080,"
-80.709656,35.135501,"Sam's Club; #8219, ","1801 Windsor Square Dr,Matthews,NC,28105,(704) 847-6742,"
-79.966365,37.319283,"Sam's Club; #8220,  Gas,","1455 Town Sq Blvd; I-581 Exit 3,Roanoke,VA,24012,(540) 563-2620,"
-90.057181,29.893227,"Sam's Club; #8221,  Gas,","1527 Manhattan Blvd,Harvey,LA,70058,(504) 361-3966,"
-82.400033,36.354728,"Sam's Club; #8222,  Gas/Diesel,","3060 Franklin Terrace Dr; I-26 Exit 19,Johnson City,TN,37604,(423)282-2303,"
-78.646715,35.750378,"Sam's Club; #8223,  Gas,","2537 S Saunders St; I-40 Exit 298,Raleigh,NC,27603,(919) 839-1700,"
-98.542389,33.878424,"Sam's Club; #8224,  Gas,","3801 Kell Blvd,Wichita Falls,TX,76308,(940) 691-0632,"
-83.710677,32.815355,"Sam's Club; #8225,  Gas,","4701 Log Cabin Dr; I-475 Exit 3,Macon,GA,31204,(478) 788-6121,"
-99.744372,32.382284,"Sam's Club; #8226,  Gas,","5550 S Clack St,Abilene,TX,79606,(325) 691-5480,"
-98.588475,29.489355,"Sam's Club; #8227,  Gas,","5055 Nw Loop 410,San Antonio,TX,78229,(210) 680-9425,"
-80.312162,36.065997,"Sam's Club; #8228,  Gas,","930 Hanes Mall Blvd; I-40 Exit 189,Winston Salem,NC,27103,(336) 765-0669,"
-89.100124,30.438795,"Sam's Club; #8236,  Gas/Diesel,","10431 Old Hwy 49; I-10 Exit 34,Gulfport,MS,39503,(228) 832-4441,"
-92.051374,32.492852,"Sam's Club; #8237,  Gas,","5400; I-20 Frontage Rd; I-20 Exit 120,Monroe,LA,71203,(318) 345-5615,"
-90.525155,41.559299,"Sam's Club; #8238,  Gas,","3845 Elmore Ave; I-74 Exit 2,Davenport,IA,52807,(563) 355-3939,"
-98.423217,34.61718,"Sam's Club; #8239,  Gas,","802 N W Sheridan Rd,Lawton,OK,73505,(580) 284-3400,"
-97.414368,35.435941,"Sam's Club; #8241,  Gas,","6521 SE 29th St; I-40 Exit 157,Midwest City,OK,73110,(405) 741-0012,"
-96.675393,32.867036,"Sam's Club; #8242,  Gas,","12000 Mccree Rd; I-635 Exit 13,Dallas,TX,75238,(214) 342-9810,"
-94.493096,38.808524,"Sam's Club; #8243,  Gas,","141 N Dean Ave; I-49 Exit 174,Raymore,MO,64083,(816) 765-0600,"
-95.219498,29.615846,"Sam's Club; #8244,  Gas,","11101 Fuqua St; I-45 Exit 33,Houston,TX,77089,(713) 941-8484,"
-95.422756,29.9992,"Sam's Club; #8245,  Gas/Diesel,","325 E Richey Rd; I-45 Exit 64,Houston,TX,77073,(281) 821-8777,"
-95.578291,29.64467,"Sam's Club; #8246,  Gas,","12300 SW Freeway,Stafford Meadows,TX,77477,(281) 295-2500,"
-86.819967,33.448284,"Sam's Club; #8247,  Gas,","201 Lakeshore Pkwy,Homewood,AL,35209,(205) 941-3326,"
-96.860779,32.862253,"Sam's Club; #8248,  Gas/Diesel,","9461 Webb Chapel Rd: I-35 Exit 436,Dallas,TX,75220,(972) 556-0831,"
-98.206851,26.188962,"Sam's Club; #8250,  Gas,","1400 E Jackson Ave,Mcallen,TX,78503,(956) 618-3363,"
-90.525432,38.781829,"Sam's Club; #8251,  Gas,","2855 S Service Rd; I-70 Exit 227,St Charles,MO,63303,(636) 946-7002,"
-80.019588,32.878638,"Sam's Club; #8252,  Gas,","4900 Centre Pt Dr; I-526 Exit 16,North Charleston,SC,29418,(843) 529-9893,"
-81.650101,30.429234,"Sam's Club; #8253,  Gas,","300 Busch Dr; I-95 Exit 360,Jacksonville,FL,32218,(863) 853-3701,"
-97.415451,37.674875,"Sam's Club; #8254,  Gas,","6200 W Kellogg; I-235 Exit 7,Wichita,KS,67209,(316) 945-3010,"
-89.506235,43.051515,"Sam's Club; #8255, ","7050 Watts Rd,Madison,WI,53719,(608) 273-2146,"
-84.06002,35.926354,"Sam's Club; #8256,  Gas,","8435 Walbrook Dr; I-40 Exit 379,Knoxville,TN,37923,(865) 694-2168,"
-86.594576,36.329915,"Sam's Club; #8257,  Gas,","301 Indian Lake Blvd,Hendersonville,TN,37115,(615) 859-2023,"
-89.933196,35.083113,"Sam's Club; #8258,  Gas,","1805 Getwell Rd,Memphis,TN,38111,(901) 743-6401,"
-97.793716,30.15534,"Sam's Club; #8259,  Gas/Diesel,","9900 S I H 35; I-35 Exit 238,Austin,TX,78744,(512) 582-4876,"
-90.264744,30.009403,"Sam's Club; #8261,  Gas,","455 31st St; I-10 Exit 221,Kenner,LA,70065,(504) 467-9677,"
-98.357217,29.553138,"Sam's Club; #8262,  Gas,","12349 N Ih 35; I-35 Exiyt 170,San Antonio,TX,78233,(210) 646-8188,"
-95.905651,36.100092,"Sam's Club; #8263,  Gas,","4420 S Sheridan Rd,Tulsa,OK,74145,(918) 627-1443,"
-98.548481,29.356398,"Sam's Club; #8264,  Gas,","3150 Sw Military Dr; I-35 Exit 148,San Antonio,TX,78224,(210) 927-3593,"
-93.250803,30.199213,"Sam's Club; #8265,  Gas/Diesel,","2025 Sams Way,Lake Charles,LA,70605,(337) 477-2668,"
-92.207657,34.805976,"Sam's Club; #8266,  Gas,","5600 Landers Rd,North Little Rock,AR,72117,(501) 945-2167,"
-97.383729,27.713477,"Sam's Club; #8267,  Gas,","4833 S Padre Island Dr,Corpus Christi,TX,78411,(361) 857-0151,"
-97.248757,32.841958,"Sam's Club; #8268,  Gas,","6375 NE Loop 820; I-820 Exit 20,North Richland Hills,TX,76180,(817) 428-3700,"
-97.040134,32.673984,"Sam's Club; #8269, ","2325 W Interstate 20; I-20 Exit 454,Grand Prairie,TX,75051,(972) 660-3405,"
-101.948436,33.549433,"Sam's Club; #8270,  Gas/Diesel,","6016 Marsha Sharp Fwy,Lubbock,TX,79407,(806) 793-7182,"
-90.13927,32.459704,"Sam's Club; #8271,  Gas,","257 Grand View Blvd; I-55 Exit 108,Madison,MS,39110,(601) 977-0139,"
-104.781728,38.769644,"Sam's Club; #8272,  Gas,","4385 Venetucci Blvd; I-25 Exit 138,Fountain,CO,80906,(719) 597-2311,"
-93.718756,32.438566,"Sam's Club; #8273,  Gas,","7400 Youree Dr,Shreveport,LA,71105,(318) 798-2043,"
-95.595858,29.901935,"Sam's Club; #8274,  Gas,","12205 W Rd,Houston,TX,77065,(281) 955-2071,"
-94.134097,30.060245,"Sam's Club; #8275,  Gas,","1615 Interstate 10 S; I-10 Exit 851,Beaumont,TX,77701,(409) 842-5071,"
-86.698403,38.155,"Sam's Club; #8276,  Gas,","6622 Preston Hwy,Louisville,KY,40219,(502) 964-0379,"
-97.431383,32.75424,"Sam's Club; #8277,  Gas/Diesel,","6760 Westworth Blvd; I-30 Exit 78,Westworth Village,TX,76114,(817) 763-9621,"
-82.28921,34.824969,"Sam's Club; #8278,  Gas,","1211 Woodruff Rd; I-385 Exit 35,Greenlville,SC,29607,(864) 987-7220,"
-101.814315,35.189856,"Sam's Club; #8279,  Gas,","2201 Ross-osage Dr; I-40 Exit 71,Amarillo,TX,79103,(806) 374-6653,"
-106.315274,31.745861,"Sam's Club; #8280,  Gas,","11360 Pellicano Dr,El Paso,TX,79936,(915) 591-6688,"
-95.182624,29.769014,"Sam's Club; #8281,  Gas,","13600 E Freeway; I-10 Exit 780,Houston,TX,77015,(713) 450-2592,"
-96.866724,32.646416,"Sam's Club; #8282,  Gas,","2900 W Wheatland Rd; I-20 Exit 465,Dallas,TX,75237,(972) 293-1704,"
-80.949799,34.018697,"Sam's Club; #8283,  Gas,","5426 Forest Dr; I-77 Exit 12,Columbia,SC29206,(803) 790-1581,"
-80.950157,34.020482,"Sam's Club; #8283,  Gas,","5426 Forest Dr; I-77 Exit 12,Columbia,SC,29203,(803) 790-1581,"
-95.342733,32.326959,"Sam's Club; #8284,  Gas,","2025 S SW Loop 323,Tyler,TX,75701,(903) 597-2296,"
-89.950214,38.593538,"Sam's Club; #8285,  Gas,","1350 W Hwy. 50,O'fallon,IL,62269,(618) 632-4373,"
-97.106777,31.584991,"Sam's Club; #8286,  Gas,","2301 E Waco Dr; I-35 Exit 338,Waco,TX,76705,(254) 799-2408,"
-84.348228,33.555386,"Sam's Club; #8287,  Gas,","7325 Jonesboeo Rd,Morrow,GA,30260,(770) 960-8228,"
-102.156416,31.994959,"Sam's Club; #8288, ","1500 N Tradewinds,Midland,TX,79703,(432) 699-5933,"
-97.612547,35.45789,"Sam's Club; #8289,  Gas,","5510 Sw 5th St; I-40 Exit 144,Oklahoma City,OK,73128,(402) 943-9810,"
-81.406329,28.422387,"Sam's Club; #8290,  Gas,","9498 S Orange Blossom Trl,Orlando,FL,32837,(407) 859-9056,"
-83.76641,43.000567,"Sam's Club; #8291,  Gas,","4373 Corunna Rd; I-75 Exit 118,Flint,MI,48532,(810) 230-6700,"
-89.894463,35.183728,"Sam's Club; #8292, ","2150 Covington Pike,Memphis,TN,38128,(901) 386-4004,"
-94.366052,39.044241,"Sam's Club; #8293,  Gas,","4100 Bolger Dr,Independence,MO,64055,(816) 350-1687,"
-86.690597,36.086583,"Sam's Club; #8294,  Gas,","1300 Antioch Pike; I-24 Exit 56,Nashville,TN,37211,(615) 834-9092,"
-94.086683,33.458203,"Sam's Club; #8295,  Gas,","3610 Saint Michael Dr; I-30 Exit 220,Texarkana,TX,75503,(903) 838-4338,"
-93.219559,37.178893,"Sam's Club; #8296,  Gas,","3660 E Sunshine Blvd,Springfield,MO,65809,(417) 882-5037,"
-88.977108,42.266662,"Sam's Club; #8297,  Gas,","7151 Walton St: I-90 Exit 63,Rockford,IL,61108,(815) 394-1212,"
-88.126832,41.516113,"Sam's Club; #8298,  Gas,","321 S Larkin,Joliet,IL,60436,(815) 744-2525,"
-96.769383,33.001696,"Sam's Club; #8299,  Gas,","301 Coit Rd,Plano,TX,75075,(972) 612-8041,"
